"region","fecha","casos_acum","confirmados","total_cada_100mil","fallecidos_nuevos","fallecidos_acum","notificados_acum"
"Antofagasta","2020/03/03","0","0","0","0","0",""
"Antofagasta","2020/03/04","0","0","0","0","0",""
"Antofagasta","2020/03/05","0","0","0","0","0",""
"Antofagasta","2020/03/06","0","0","0","0","0",""
"Antofagasta","2020/03/07","0","0","0","0","0",""
"Antofagasta","2020/03/08","0","0","0","0","0",""
"Antofagasta","2020/03/09","0","0","0","0","0",""
"Antofagasta","2020/03/10","0","0","0","0","0",""
"Antofagasta","2020/03/11","0","0","0","0","0",""
"Antofagasta","2020/03/12","0","0","0","0","0",""
"Antofagasta","2020/03/13","0","0","0","0","0",""
"Antofagasta","2020/03/14","2","2","0.2890783315555016","0","0",""
"Antofagasta","2020/03/15","2","0","0.2890783315555016","0","0",""
"Antofagasta","2020/03/16","2","0","0.2890783315555016","0","0",""
"Antofagasta","2020/03/17","2","0","0.2890783315555016","0","0",""
"Antofagasta","2020/03/18","2","0","0.2890783315555016","0","0",""
"Antofagasta","2020/03/19","2","0","0.2890783315555016","0","0",""
"Antofagasta","2020/03/20","6","4","0.8672349946665048","0","0",""
"Antofagasta","2020/03/21","10","4","1.4453916577775079","0","0",""
"Antofagasta","2020/03/22","11","1","1.589930823555259","0","0",""
"Antofagasta","2020/03/23","11","0","1.589930823555259","0","0","238"
"Antofagasta","2020/03/24","13","2","1.8790091551107604","0","0","289"
"Antofagasta","2020/03/25","19","6","2.746244149777265","0","0","373"
"Antofagasta","2020/03/26","20","1","2.8907833155550158","0","0","452"
"Antofagasta","2020/03/27","21","1","3.035322481332767","0","0","532"
"Antofagasta","2020/03/28","25","4","3.61347914444377","0","0","573"
"Antofagasta","2020/03/29","27","2","3.9025574759992714","0","0","613"
"Antofagasta","2020/03/30","35","8","5.058870802221278","0","0","723"
"Antofagasta","2020/03/31","35","0","5.058870802221278","0","0","815"
"Antofagasta","2020/04/01","39","4","5.637027465332281","0","0",""
"Antofagasta","2020/04/02","47","8","6.793340791554287","0","0",""
"Antofagasta","2020/04/03","54","7","7.805114951998543","0","0",""
"Antofagasta","2020/04/04","55","1","7.949654117776293","0","0",""
"Antofagasta","2020/04/05","60","5","8.672349946665049","0","0",""
"Antofagasta","2020/04/06","68","8","9.828663272887054","0","0",""
"Antofagasta","2020/04/07","69","1","9.973202438664806","1","1",""
"Antofagasta","2020/04/08","77","8","11.129515764886811","0","1",""
"Antofagasta","2020/04/09","92","15","13.297603251553072","0","1",""
"Antofagasta","2020/04/10","110","18","15.899308235552587","0","1",""
"Antofagasta","2020/04/11","117","7","16.911082395996843","0","1",""
"Antofagasta","2020/04/12","138","21","19.946404877329613","0","1",""
"Antofagasta","2020/04/13","149","11","21.53633570088487","0","1",""
"Antofagasta","2020/04/14","155","6","22.403570695551373","0","1",""
"Antofagasta","2020/04/15","176","21","25.438893176884143","0","1",""
"Antofagasta","2020/04/16","192","16","27.751519829328153","0","1",""
"Antofagasta","2020/04/17","211","19","30.497763979105418","0","1",""
"Antofagasta","2020/04/18","226","15","32.66585146577168","0","1",""
"Antofagasta","2020/04/19","249","23","35.99025227865995","0","1",""
"Antofagasta","2020/04/20","263","14","38.01380059954846","0","1",""
"Antofagasta","2020/04/21","291","28","42.060897241325485","0","1",""
"Antofagasta","2020/04/22","326","35","47.119768043546756","1","2",""
"Antofagasta","2020/04/23","340","14","49.14331636443527","0","2",""
"Antofagasta","2020/04/24","366","26","52.901334674656795","0","2",""
"Antofagasta","2020/04/25","391","25","56.51481381910057","1","3",""
"Antofagasta","2020/04/26","443","52","64.0308504395436","1","4",""
"Antofagasta","2020/04/27","457","14","66.05439876043211","0","4",""
"Antofagasta","2020/04/28","481","24","69.52333873909814","0","4",""
"Antofagasta","2020/04/29","514","33","74.29313120976391","0","4",""
"Antofagasta","2020/04/30","546","32","78.91838451465193","1","5",""
"Antofagasta","2020/05/01","589","43","85.13356864309522","2","7",""
"Antofagasta","2020/05/02","679","90","98.1420935630928","0","7",""
"Antofagasta","2020/05/03","740","61","106.9589826755356","0","7",""
"Antofagasta","2020/05/04","760","20","109.8497659910906","0","7",""
"Antofagasta","2020/05/05","811","51","117.2212634457559","0","7",""
"Antofagasta","2020/05/06","855","44","123.58098673997692","0","7",""
"Antofagasta","2020/05/07","895","40","129.36255337108696","0","7",""
"Antofagasta","2020/05/08","923","28","133.40965001286398","2","9",""
"Antofagasta","2020/05/09","947","24","136.87858999153","1","10",""
"Antofagasta","2020/05/10","978","31","141.35930413064028","0","10",""
"Antofagasta","2020/05/11","1014","36","146.5627140986393","0","10",""
"Antofagasta","2020/05/12","1109","95","160.29393484752563","0","10",""
"Antofagasta","2020/05/13","1216","107","175.75962558574497","1","11",""
"Antofagasta","2020/05/14","1277","61","184.57651469818776","0","11",""
"Antofagasta","2020/05/15","1331","54","192.3816296501863","1","12",""
"Antofagasta","2020/05/16","1429","98","206.5464678964059","0","12",""
"Antofagasta","2020/05/17","1505","76","217.53144449551493","1","13",""
"Antofagasta","2020/05/18","1589","84","229.672734420846","1","14",""
"Antofagasta","2020/05/19","1648","59","238.20054520173332","2","16",""
"Antofagasta","2020/05/20","1731","83","250.19729596128664","1","17",""
"Antofagasta","2020/05/21","1778","47","256.9906367528409","0","17",""
"Antofagasta","2020/05/22","1841","63","266.0966041968392","0","17",""
"Antofagasta","2020/05/23","1897","56","274.19079748039326","4","21",""
"Antofagasta","2020/05/24","1947","50","281.4177557692808","0","21",""
"Antofagasta","2020/05/25","2015","68","291.2464190421679","0","21",""
"Antofagasta","2020/05/26","2063","48","298.1842989994999","2","23",""
"Antofagasta","2020/05/27","2137","74","308.88019726705346","2","25",""
"Antofagasta","2020/05/28","2248","111","324.9240446683838","3","28",""
"Antofagasta","2020/05/29","2318","70","335.04178627282636","0","28",""
"Antofagasta","2020/05/30","2429","111","351.0856336741567","1","29",""
"Antofagasta","2020/05/31","2510","81","362.7933061021545","2","31",""
"Antofagasta","2020/06/01","2585","75","373.63374353548585","1","32",""
"Antofagasta","2020/06/02","2649","64","382.88425014526183","2","34",""
"Antofagasta","2020/06/03","2716","67","392.5683742523712","2","36",""
"Antofagasta","2020/06/04","2862","146","413.6710924559228","2","38",""
"Antofagasta","2020/06/05","2924","62","422.6325207341433","4","42",""
"Antofagasta","2020/06/06","3033","109","438.3872898039182","5","47",""
"Araucanía","2020/03/03","0","0","0","0","0",""
"Araucanía","2020/03/04","0","0","0","0","0",""
"Araucanía","2020/03/05","0","0","0","0","0",""
"Araucanía","2020/03/06","0","0","0","0","0",""
"Araucanía","2020/03/07","0","0","0","0","0",""
"Araucanía","2020/03/08","0","0","0","0","0",""
"Araucanía","2020/03/09","0","0","0","0","0",""
"Araucanía","2020/03/10","0","0","0","0","0",""
"Araucanía","2020/03/11","0","0","0","0","0",""
"Araucanía","2020/03/12","0","0","0","0","0",""
"Araucanía","2020/03/13","0","0","0","0","0",""
"Araucanía","2020/03/14","0","0","0","0","0",""
"Araucanía","2020/03/15","0","0","0","0","0",""
"Araucanía","2020/03/16","1","1","0.09858598127063527","0","0",""
"Araucanía","2020/03/17","1","0","0.09858598127063527","0","0",""
"Araucanía","2020/03/18","4","3","0.39434392508254107","0","0",""
"Araucanía","2020/03/19","7","3","0.6901018688944469","0","0",""
"Araucanía","2020/03/20","9","2","0.8872738314357176","0","0",""
"Araucanía","2020/03/21","15","6","1.4787897190595292","0","0",""
"Araucanía","2020/03/22","27","12","2.6618214943071523","0","0",""
"Araucanía","2020/03/23","40","13","3.9434392508254112","0","0","439"
"Araucanía","2020/03/24","59","19","5.816572894967481","0","0","525"
"Araucanía","2020/03/25","74","15","7.2953626140270105","0","0","662"
"Araucanía","2020/03/26","111","37","10.943043921040516","0","0","785"
"Araucanía","2020/03/27","143","32","14.097795321700845","0","0","945"
"Araucanía","2020/03/28","177","34","17.449718684902443","1","1","1021"
"Araucanía","2020/03/29","205","28","20.210126160480232","1","2","1108"
"Araucanía","2020/03/30","247","42","24.350737373846915","0","2","1226"
"Araucanía","2020/03/31","302","55","29.772966343731852","2","4","1416"
"Araucanía","2020/04/01","343","41","33.8149915758279","2","6",""
"Araucanía","2020/04/02","389","46","38.349946714277124","1","7",""
"Araucanía","2020/04/03","432","43","42.58914390891444","0","7",""
"Araucanía","2020/04/04","477","45","47.025513066093026","2","9",""
"Araucanía","2020/04/05","509","32","50.18026446675335","4","13",""
"Araucanía","2020/04/06","562","53","55.40532147409702","1","14",""
"Araucanía","2020/04/07","612","50","60.33462053762879","0","14",""
"Araucanía","2020/04/08","669","57","65.954021470055","1","15",""
"Araucanía","2020/04/09","689","20","67.9257410954677","1","16",""
"Araucanía","2020/04/10","712","23","70.19321866469232","0","16",""
"Araucanía","2020/04/11","739","27","72.85504015899947","1","17",""
"Araucanía","2020/04/12","775","36","76.40413548474234","0","17",""
"Araucanía","2020/04/13","795","20","78.37585511015504","0","17",""
"Araucanía","2020/04/14","816","21","80.44616071683838","3","20",""
"Araucanía","2020/04/15","826","10","81.43202052954474","1","21",""
"Araucanía","2020/04/16","882","56","86.95283548070032","0","21",""
"Araucanía","2020/04/17","907","25","89.41748501246619","1","22",""
"Araucanía","2020/04/18","944","37","93.0651663194797","1","23",""
"Araucanía","2020/04/19","972","28","95.82557379505748","0","23",""
"Araucanía","2020/04/20","1045","73","103.02235042781386","0","23",""
"Araucanía","2020/04/21","1092","47","107.65589154753373","2","25",""
"Araucanía","2020/04/22","1113","21","109.72619715421708","1","26",""
"Araucanía","2020/04/23","1142","29","112.58519061106549","0","26",""
"Araucanía","2020/04/24","1184","42","116.72580182443217","0","26",""
"Araucanía","2020/04/25","1203","19","118.59893546857423","1","27",""
"Araucanía","2020/04/26","1216","13","119.8805532250925","2","29",""
"Araucanía","2020/04/27","1236","20","121.8522728505052","3","32",""
"Araucanía","2020/04/28","1251","15","123.33106256956472","0","32",""
"Araucanía","2020/04/29","1273","22","125.49995415751872","0","32",""
"Araucanía","2020/04/30","1293","20","127.4716737829314","3","35",""
"Araucanía","2020/05/01","1295","2","127.6688457454727","1","36",""
"Araucanía","2020/05/02","1314","19","129.54197938961474","0","36",""
"Araucanía","2020/05/03","1328","14","130.92218312740366","0","36",""
"Araucanía","2020/05/04","1331","3","131.21794107121556","0","36",""
"Araucanía","2020/05/05","1352","21","133.2882466778989","0","36",""
"Araucanía","2020/05/06","1362","10","134.27410649060525","0","36",""
"Araucanía","2020/05/07","1385","23","136.54158405982986","0","36",""
"Araucanía","2020/05/08","1403","18","138.3161317227013","0","36",""
"Araucanía","2020/05/09","1418","15","139.79492144176083","0","36",""
"Araucanía","2020/05/10","1454","36","143.3440167675037","1","37",""
"Araucanía","2020/05/11","1466","12","144.52704854275132","1","38",""
"Araucanía","2020/05/12","1482","16","146.1044242430815","1","39",""
"Araucanía","2020/05/13","1495","13","147.38604199959974","0","39",""
"Araucanía","2020/05/14","1536","41","151.4280672316958","2","41",""
"Araucanía","2020/05/15","1564","28","154.18847470727357","2","43",""
"Araucanía","2020/05/16","1587","23","156.45595227649818","0","43",""
"Araucanía","2020/05/17","1606","19","158.32908592064027","1","44",""
"Araucanía","2020/05/18","1639","33","161.58242330257124","0","44",""
"Araucanía","2020/05/19","1666","27","164.24424479687838","0","44",""
"Araucanía","2020/05/20","1680","14","165.62444853466727","0","44",""
"Araucanía","2020/05/21","1715","35","169.0749578791395","0","44",""
"Araucanía","2020/05/22","1737","22","171.24384946709347","1","45",""
"Araucanía","2020/05/23","1774","37","174.89153077410697","0","45",""
"Araucanía","2020/05/24","1808","34","178.24345413730856","0","45",""
"Araucanía","2020/05/25","1857","49","183.07416721956972","0","45",""
"Araucanía","2020/05/26","1883","26","185.63740273260623","0","45",""
"Araucanía","2020/05/27","1916","33","188.89074011453718","0","45",""
"Araucanía","2020/05/28","1954","38","192.63700740282135","0","45",""
"Araucanía","2020/05/29","1989","35","196.08751674729356","2","47",""
"Araucanía","2020/05/30","2060","71","203.08712141750865","0","47",""
"Araucanía","2020/05/31","2071","11","204.17156721148567","0","47",""
"Araucanía","2020/06/01","2111","40","208.11500646231107","0","47",""
"Araucanía","2020/06/02","2141","30","211.0725859004301","0","47",""
"Araucanía","2020/06/03","2173","32","214.22733730109047","0","47",""
"Araucanía","2020/06/04","2182","9","215.11461113252616","0","47",""
"Araucanía","2020/06/05","2288","106","225.56472514721352","1","48",""
"Araucanía","2020/06/06","2321","33","228.81806252914447","1","49",""
"Arica y Parinacota","2020/03/03","0","0","0","0","0",""
"Arica y Parinacota","2020/03/04","0","0","0","0","0",""
"Arica y Parinacota","2020/03/05","0","0","0","0","0",""
"Arica y Parinacota","2020/03/06","0","0","0","0","0",""
"Arica y Parinacota","2020/03/07","0","0","0","0","0",""
"Arica y Parinacota","2020/03/08","0","0","0","0","0",""
"Arica y Parinacota","2020/03/09","0","0","0","0","0",""
"Arica y Parinacota","2020/03/10","0","0","0","0","0",""
"Arica y Parinacota","2020/03/11","0","0","0","0","0",""
"Arica y Parinacota","2020/03/12","0","0","0","0","0",""
"Arica y Parinacota","2020/03/13","0","0","0","0","0",""
"Arica y Parinacota","2020/03/14","0","0","0","0","0",""
"Arica y Parinacota","2020/03/15","0","0","0","0","0",""
"Arica y Parinacota","2020/03/16","0","0","0","0","0",""
"Arica y Parinacota","2020/03/17","0","0","0","0","0",""
"Arica y Parinacota","2020/03/18","0","0","0","0","0",""
"Arica y Parinacota","2020/03/19","1","1","0.3966522549680695","0","0",""
"Arica y Parinacota","2020/03/20","1","0","0.3966522549680695","0","0",""
"Arica y Parinacota","2020/03/21","1","0","0.3966522549680695","0","0",""
"Arica y Parinacota","2020/03/22","2","1","0.793304509936139","0","0",""
"Arica y Parinacota","2020/03/23","2","0","0.793304509936139","0","0","91"
"Arica y Parinacota","2020/03/24","2","0","0.793304509936139","0","0","121"
"Arica y Parinacota","2020/03/25","2","0","0.793304509936139","0","0","140"
"Arica y Parinacota","2020/03/26","3","1","1.1899567649042084","0","0","169"
"Arica y Parinacota","2020/03/27","3","0","1.1899567649042084","0","0","214"
"Arica y Parinacota","2020/03/28","3","0","1.1899567649042084","0","0","224"
"Arica y Parinacota","2020/03/29","4","1","1.586609019872278","0","0","241"
"Arica y Parinacota","2020/03/30","6","2","2.379913529808417","0","0","284"
"Arica y Parinacota","2020/03/31","6","0","2.379913529808417","0","0","318"
"Arica y Parinacota","2020/04/01","6","0","2.379913529808417","0","0",""
"Arica y Parinacota","2020/04/02","7","1","2.7765657847764866","0","0",""
"Arica y Parinacota","2020/04/03","12","5","4.759827059616834","0","0",""
"Arica y Parinacota","2020/04/04","12","0","4.759827059616834","0","0",""
"Arica y Parinacota","2020/04/05","28","16","11.106263139105947","0","0",""
"Arica y Parinacota","2020/04/06","41","13","16.262742453690848","0","0",""
"Arica y Parinacota","2020/04/07","53","12","21.022569513307683","0","0",""
"Arica y Parinacota","2020/04/08","63","10","24.98909206298838","0","0",""
"Arica y Parinacota","2020/04/09","75","12","29.74891912260521","0","0",""
"Arica y Parinacota","2020/04/10","87","12","34.50874618222204","0","0",""
"Arica y Parinacota","2020/04/11","107","20","42.44179128158344","0","0",""
"Arica y Parinacota","2020/04/12","115","8","45.615009321327996","1","1",""
"Arica y Parinacota","2020/04/13","115","0","45.615009321327996","0","1",""
"Arica y Parinacota","2020/04/14","120","5","47.59827059616834","0","1",""
"Arica y Parinacota","2020/04/15","124","4","49.18487961604062","0","1",""
"Arica y Parinacota","2020/04/16","129","5","51.16814089088096","0","1",""
"Arica y Parinacota","2020/04/17","134","5","53.15140216572131","1","2",""
"Arica y Parinacota","2020/04/18","142","8","56.32462020546587","0","2",""
"Arica y Parinacota","2020/04/19","145","3","57.51457697037007","0","2",""
"Arica y Parinacota","2020/04/20","161","16","63.861013049859196","0","2",""
"Arica y Parinacota","2020/04/21","170","9","67.43088334457181","0","2",""
"Arica y Parinacota","2020/04/22","180","10","71.3974058942525","0","2",""
"Arica y Parinacota","2020/04/23","210","30","83.29697354329458","0","2",""
"Arica y Parinacota","2020/04/24","239","29","94.7998889373686","1","3",""
"Arica y Parinacota","2020/04/25","245","6","97.17980246717703","0","3",""
"Arica y Parinacota","2020/04/26","252","7","99.95636825195352","0","3",""
"Arica y Parinacota","2020/04/27","265","13","105.11284756653842","0","3",""
"Arica y Parinacota","2020/04/28","268","3","106.30280433144262","0","3",""
"Arica y Parinacota","2020/04/29","272","4","107.8894133513149","1","4",""
"Arica y Parinacota","2020/04/30","279","7","110.6659791360914","0","4",""
"Arica y Parinacota","2020/05/01","297","18","117.80571972551664","0","4",""
"Arica y Parinacota","2020/05/02","307","10","121.77224227519733","0","4",""
"Arica y Parinacota","2020/05/03","308","1","122.1688945301654","0","4",""
"Arica y Parinacota","2020/05/04","308","0","122.1688945301654","0","4",""
"Arica y Parinacota","2020/05/05","315","7","124.9454603149419","0","4",""
"Arica y Parinacota","2020/05/06","318","3","126.1354170798461","1","5",""
"Arica y Parinacota","2020/05/07","325","7","128.9119828646226","1","6",""
"Arica y Parinacota","2020/05/08","327","2","129.70528737455874","0","6",""
"Arica y Parinacota","2020/05/09","337","10","133.67180992423943","0","6",""
"Arica y Parinacota","2020/05/10","340","3","134.86176668914362","0","6",""
"Arica y Parinacota","2020/05/11","351","11","139.2249414937924","1","7",""
"Arica y Parinacota","2020/05/12","351","0","139.2249414937924","0","7",""
"Arica y Parinacota","2020/05/13","359","8","142.39815953353695","0","7",""
"Arica y Parinacota","2020/05/14","363","4","143.98476855340922","0","7",""
"Arica y Parinacota","2020/05/15","368","5","145.96802982824957","0","7",""
"Arica y Parinacota","2020/05/16","377","9","149.53790012296218","0","7",""
"Arica y Parinacota","2020/05/17","378","1","149.93455237793026","0","7",""
"Arica y Parinacota","2020/05/18","398","20","157.86759747729167","0","7",""
"Arica y Parinacota","2020/05/19","422","24","167.38725159652532","0","7",""
"Arica y Parinacota","2020/05/20","424","2","168.18055610646147","0","7",""
"Arica y Parinacota","2020/05/21","453","29","179.6834715005355","0","7",""
"Arica y Parinacota","2020/05/22","471","18","186.82321208996072","0","7",""
"Arica y Parinacota","2020/05/23","482","11","191.18638689460948","0","7",""
"Arica y Parinacota","2020/05/24","498","16","197.5328229740986","0","7",""
"Arica y Parinacota","2020/05/25","513","15","203.48260679861966","0","7",""
"Arica y Parinacota","2020/05/26","522","9","207.05247709333227","0","7",""
"Arica y Parinacota","2020/05/27","541","19","214.5888699377256","0","7",""
"Arica y Parinacota","2020/05/28","562","21","222.91856729205506","0","7",""
"Arica y Parinacota","2020/05/29","582","20","230.85161239141647","0","7",""
"Arica y Parinacota","2020/05/30","588","6","233.23152592122486","0","7",""
"Arica y Parinacota","2020/05/31","619","31","245.52774582523503","0","7",""
"Arica y Parinacota","2020/06/01","636","17","252.2708341596922","1","8",""
"Arica y Parinacota","2020/06/02","654","18","259.4105747491175","0","8",""
"Arica y Parinacota","2020/06/03","701","47","278.0532307326167","0","8",""
"Arica y Parinacota","2020/06/04","736","35","291.93605965649914","0","8",""
"Arica y Parinacota","2020/06/05","782","46","310.18206338503035","1","9",""
"Arica y Parinacota","2020/06/06","819","37","324.8581968188489","0","9",""
"Atacama","2020/03/03","0","0","0","0","0",""
"Atacama","2020/03/04","0","0","0","0","0",""
"Atacama","2020/03/05","0","0","0","0","0",""
"Atacama","2020/03/06","0","0","0","0","0",""
"Atacama","2020/03/07","0","0","0","0","0",""
"Atacama","2020/03/08","0","0","0","0","0",""
"Atacama","2020/03/09","0","0","0","0","0",""
"Atacama","2020/03/10","0","0","0","0","0",""
"Atacama","2020/03/11","0","0","0","0","0",""
"Atacama","2020/03/12","0","0","0","0","0",""
"Atacama","2020/03/13","0","0","0","0","0",""
"Atacama","2020/03/14","1","1","0.3177538615038019","0","0",""
"Atacama","2020/03/15","1","0","0.3177538615038019","0","0",""
"Atacama","2020/03/16","1","0","0.3177538615038019","0","0",""
"Atacama","2020/03/17","1","0","0.3177538615038019","0","0",""
"Atacama","2020/03/18","1","0","0.3177538615038019","0","0",""
"Atacama","2020/03/19","1","0","0.3177538615038019","0","0",""
"Atacama","2020/03/20","1","0","0.3177538615038019","0","0",""
"Atacama","2020/03/21","1","0","0.3177538615038019","0","0",""
"Atacama","2020/03/22","1","0","0.3177538615038019","0","0",""
"Atacama","2020/03/23","1","0","0.3177538615038019","0","0","95"
"Atacama","2020/03/24","1","0","0.3177538615038019","0","0","103"
"Atacama","2020/03/25","1","0","0.3177538615038019","0","0","117"
"Atacama","2020/03/26","1","0","0.3177538615038019","0","0","128"
"Atacama","2020/03/27","1","0","0.3177538615038019","0","0","144"
"Atacama","2020/03/28","1","0","0.3177538615038019","0","0","154"
"Atacama","2020/03/29","2","1","0.6355077230076038","0","0","163"
"Atacama","2020/03/30","2","0","0.6355077230076038","0","0","174"
"Atacama","2020/03/31","2","0","0.6355077230076038","0","0","197"
"Atacama","2020/04/01","3","1","0.9532615845114057","0","0",""
"Atacama","2020/04/02","3","0","0.9532615845114057","0","0",""
"Atacama","2020/04/03","5","2","1.5887693075190097","0","0",""
"Atacama","2020/04/04","5","0","1.5887693075190097","0","0",""
"Atacama","2020/04/05","5","0","1.5887693075190097","0","0",""
"Atacama","2020/04/06","5","0","1.5887693075190097","0","0",""
"Atacama","2020/04/07","6","1","1.9065231690228115","0","0",""
"Atacama","2020/04/08","8","2","2.5420308920304153","0","0",""
"Atacama","2020/04/09","10","2","3.1775386150380194","0","0",""
"Atacama","2020/04/10","13","3","4.130800199549425","0","0",""
"Atacama","2020/04/11","13","0","4.130800199549425","0","0",""
"Atacama","2020/04/12","13","0","4.130800199549425","0","0",""
"Atacama","2020/04/13","13","0","4.130800199549425","0","0",""
"Atacama","2020/04/14","13","0","4.130800199549425","0","0",""
"Atacama","2020/04/15","13","0","4.130800199549425","0","0",""
"Atacama","2020/04/16","13","0","4.130800199549425","0","0",""
"Atacama","2020/04/17","13","0","4.130800199549425","0","0",""
"Atacama","2020/04/18","13","0","4.130800199549425","0","0",""
"Atacama","2020/04/19","13","0","4.130800199549425","0","0",""
"Atacama","2020/04/20","13","0","4.130800199549425","0","0",""
"Atacama","2020/04/21","13","0","4.130800199549425","0","0",""
"Atacama","2020/04/22","13","0","4.130800199549425","0","0",""
"Atacama","2020/04/23","18","5","5.719569507068435","0","0",""
"Atacama","2020/04/24","21","3","6.67283109157984","0","0",""
"Atacama","2020/04/25","24","3","7.626092676091246","0","0",""
"Atacama","2020/04/26","29","5","9.214861983610255","0","0",""
"Atacama","2020/04/27","35","6","11.121385152633067","0","0",""
"Atacama","2020/04/28","35","0","11.121385152633067","0","0",""
"Atacama","2020/04/29","42","7","13.34566218315968","0","0",""
"Atacama","2020/04/30","43","1","13.663416044663483","0","0",""
"Atacama","2020/05/01","43","0","13.663416044663483","0","0",""
"Atacama","2020/05/02","59","16","18.747477828724314","0","0",""
"Atacama","2020/05/03","67","8","21.28950872075473","0","0",""
"Atacama","2020/05/04","70","3","22.242770305266134","0","0",""
"Atacama","2020/05/05","78","8","24.78480119729655","0","0",""
"Atacama","2020/05/06","80","2","25.420308920304155","0","0",""
"Atacama","2020/05/07","87","7","27.644585950830766","0","0",""
"Atacama","2020/05/08","88","1","27.96233981233457","0","0",""
"Atacama","2020/05/09","117","29","37.177201795944825","0","0",""
"Atacama","2020/05/10","124","7","39.40147882647144","0","0",""
"Atacama","2020/05/11","133","9","42.261263580005654","0","0",""
"Atacama","2020/05/12","134","1","42.57901744150946","0","0",""
"Atacama","2020/05/13","139","5","44.167786749028465","0","0",""
"Atacama","2020/05/14","140","1","44.48554061053227","0","0",""
"Atacama","2020/05/15","143","3","45.43880219504368","0","0",""
"Atacama","2020/05/16","146","3","46.39206377955508","0","0",""
"Atacama","2020/05/17","149","3","47.34532536406649","0","0",""
"Atacama","2020/05/18","157","8","49.8873562560969","0","0",""
"Atacama","2020/05/19","158","1","50.205110117600704","0","0",""
"Atacama","2020/05/20","163","5","51.79387942511972","0","0",""
"Atacama","2020/05/21","168","5","53.38264873263872","0","0",""
"Atacama","2020/05/22","175","7","55.606925763165336","0","0",""
"Atacama","2020/05/23","182","7","57.83120279369195","0","0",""
"Atacama","2020/05/24","182","0","57.83120279369195","0","0",""
"Atacama","2020/05/25","185","3","58.78446437820335","0","0",""
"Atacama","2020/05/26","188","3","59.73772596271476","0","0",""
"Atacama","2020/05/27","197","9","62.597510716248976","0","0",""
"Atacama","2020/05/28","202","5","64.18628002376799","0","0",""
"Atacama","2020/05/29","207","5","65.775049331287","0","0",""
"Atacama","2020/05/30","215","8","68.31708022331742","0","0",""
"Atacama","2020/05/31","218","3","69.27034180782881","0","0",""
"Atacama","2020/06/01","232","14","73.71889586888204","0","0",""
"Atacama","2020/06/02","236","4","74.98991131489726","0","0",""
"Atacama","2020/06/03","242","6","76.89643448392006","0","0",""
"Atacama","2020/06/04","258","16","81.9804962679809","0","0",""
"Atacama","2020/06/05","269","11","85.47578874452272","0","0",""
"Atacama","2020/06/06","281","12","89.28883508256834","0","0",""
"Aysén","2020/03/03","0","0","0","0","0",""
"Aysén","2020/03/04","0","0","0","0","0",""
"Aysén","2020/03/05","0","0","0","0","0",""
"Aysén","2020/03/06","0","0","0","0","0",""
"Aysén","2020/03/07","0","0","0","0","0",""
"Aysén","2020/03/08","0","0","0","0","0",""
"Aysén","2020/03/09","0","0","0","0","0",""
"Aysén","2020/03/10","0","0","0","0","0",""
"Aysén","2020/03/11","0","0","0","0","0",""
"Aysén","2020/03/12","0","0","0","0","0",""
"Aysén","2020/03/13","0","0","0","0","0",""
"Aysén","2020/03/14","1","1","0.9319925067802455","0","0",""
"Aysén","2020/03/15","1","0","0.9319925067802455","0","0",""
"Aysén","2020/03/16","1","0","0.9319925067802455","0","0",""
"Aysén","2020/03/17","1","0","0.9319925067802455","0","0",""
"Aysén","2020/03/18","1","0","0.9319925067802455","0","0",""
"Aysén","2020/03/19","1","0","0.9319925067802455","0","0",""
"Aysén","2020/03/20","1","0","0.9319925067802455","0","0",""
"Aysén","2020/03/21","1","0","0.9319925067802455","0","0",""
"Aysén","2020/03/22","1","0","0.9319925067802455","0","0",""
"Aysén","2020/03/23","1","0","0.9319925067802455","0","0","21"
"Aysén","2020/03/24","1","0","0.9319925067802455","0","0","25"
"Aysén","2020/03/25","1","0","0.9319925067802455","0","0","28"
"Aysén","2020/03/26","2","1","1.863985013560491","0","0","32"
"Aysén","2020/03/27","2","0","1.863985013560491","0","0","35"
"Aysén","2020/03/28","2","0","1.863985013560491","0","0","35"
"Aysén","2020/03/29","2","0","1.863985013560491","0","0","36"
"Aysén","2020/03/30","2","0","1.863985013560491","0","0","36"
"Aysén","2020/03/31","2","0","1.863985013560491","0","0","37"
"Aysén","2020/04/01","3","1","2.7959775203407364","0","0",""
"Aysén","2020/04/02","5","2","4.659962533901227","0","0",""
"Aysén","2020/04/03","6","1","5.591955040681473","0","0",""
"Aysén","2020/04/04","6","0","5.591955040681473","0","0",""
"Aysén","2020/04/05","7","1","6.523947547461719","0","0",""
"Aysén","2020/04/06","7","0","6.523947547461719","0","0",""
"Aysén","2020/04/07","7","0","6.523947547461719","0","0",""
"Aysén","2020/04/08","7","0","6.523947547461719","0","0",""
"Aysén","2020/04/09","7","0","6.523947547461719","0","0",""
"Aysén","2020/04/10","7","0","6.523947547461719","0","0",""
"Aysén","2020/04/11","7","0","6.523947547461719","0","0",""
"Aysén","2020/04/12","7","0","6.523947547461719","0","0",""
"Aysén","2020/04/13","7","0","6.523947547461719","0","0",""
"Aysén","2020/04/14","7","0","6.523947547461719","0","0",""
"Aysén","2020/04/15","7","0","6.523947547461719","0","0",""
"Aysén","2020/04/16","7","0","6.523947547461719","0","0",""
"Aysén","2020/04/17","7","0","6.523947547461719","0","0",""
"Aysén","2020/04/18","7","0","6.523947547461719","0","0",""
"Aysén","2020/04/19","7","0","6.523947547461719","0","0",""
"Aysén","2020/04/20","7","0","6.523947547461719","0","0",""
"Aysén","2020/04/21","7","0","6.523947547461719","0","0",""
"Aysén","2020/04/22","7","0","6.523947547461719","0","0",""
"Aysén","2020/04/23","7","0","6.523947547461719","0","0",""
"Aysén","2020/04/24","7","0","6.523947547461719","0","0",""
"Aysén","2020/04/25","7","0","6.523947547461719","0","0",""
"Aysén","2020/04/26","7","0","6.523947547461719","0","0",""
"Aysén","2020/04/27","7","0","6.523947547461719","0","0",""
"Aysén","2020/04/28","7","0","6.523947547461719","0","0",""
"Aysén","2020/04/29","7","0","6.523947547461719","0","0",""
"Aysén","2020/04/30","7","0","6.523947547461719","0","0",""
"Aysén","2020/05/01","7","0","6.523947547461719","0","0",""
"Aysén","2020/05/02","7","0","6.523947547461719","0","0",""
"Aysén","2020/05/03","7","0","6.523947547461719","0","0",""
"Aysén","2020/05/04","7","0","6.523947547461719","0","0",""
"Aysén","2020/05/05","7","0","6.523947547461719","0","0",""
"Aysén","2020/05/06","7","0","6.523947547461719","0","0",""
"Aysén","2020/05/07","8","1","7.455940054241964","0","0",""
"Aysén","2020/05/08","8","0","7.455940054241964","0","0",""
"Aysén","2020/05/09","8","0","7.455940054241964","0","0",""
"Aysén","2020/05/10","8","0","7.455940054241964","0","0",""
"Aysén","2020/05/11","8","0","7.455940054241964","0","0",""
"Aysén","2020/05/12","8","0","7.455940054241964","0","0",""
"Aysén","2020/05/13","8","0","7.455940054241964","0","0",""
"Aysén","2020/05/14","8","0","7.455940054241964","0","0",""
"Aysén","2020/05/15","8","0","7.455940054241964","0","0",""
"Aysén","2020/05/16","8","0","7.455940054241964","0","0",""
"Aysén","2020/05/17","8","0","7.455940054241964","0","0",""
"Aysén","2020/05/18","8","0","7.455940054241964","0","0",""
"Aysén","2020/05/19","8","0","7.455940054241964","0","0",""
"Aysén","2020/05/20","8","0","7.455940054241964","0","0",""
"Aysén","2020/05/21","8","0","7.455940054241964","0","0",""
"Aysén","2020/05/22","8","0","7.455940054241964","0","0",""
"Aysén","2020/05/23","8","0","7.455940054241964","0","0",""
"Aysén","2020/05/24","8","0","7.455940054241964","0","0",""
"Aysén","2020/05/25","10","2","9.319925067802455","0","0",""
"Aysén","2020/05/26","12","2","11.183910081362946","0","0",""
"Aysén","2020/05/27","12","0","11.183910081362946","0","0",""
"Aysén","2020/05/28","14","2","13.047895094923438","0","0",""
"Aysén","2020/05/29","16","2","14.911880108483928","0","0",""
"Aysén","2020/05/30","16","0","14.911880108483928","0","0",""
"Aysén","2020/05/31","17","1","15.843872615264173","0","0",""
"Aysén","2020/06/01","17","0","15.843872615264173","0","0",""
"Aysén","2020/06/02","18","1","16.77586512204442","0","0",""
"Aysén","2020/06/03","18","0","16.77586512204442","0","0",""
"Aysén","2020/06/04","19","1","17.707857628824666","0","0",""
"Aysén","2020/06/05","19","0","17.707857628824666","0","0",""
"Aysén","2020/06/06","19","0","17.707857628824666","0","0",""
"Biobío","2020/03/03","0","0","0","0","0",""
"Biobío","2020/03/04","0","0","0","0","0",""
"Biobío","2020/03/05","0","0","0","0","0",""
"Biobío","2020/03/06","0","0","0","0","0",""
"Biobío","2020/03/07","0","0","0","0","0",""
"Biobío","2020/03/08","0","0","0","0","0",""
"Biobío","2020/03/09","1","1","0.06010713495734797","0","0",""
"Biobío","2020/03/10","1","0","0.06010713495734797","0","0",""
"Biobío","2020/03/11","1","0","0.06010713495734797","0","0",""
"Biobío","2020/03/12","1","0","0.06010713495734797","0","0",""
"Biobío","2020/03/13","3","2","0.18032140487204393","0","0",""
"Biobío","2020/03/14","3","0","0.18032140487204393","0","0",""
"Biobío","2020/03/15","3","0","0.18032140487204393","0","0",""
"Biobío","2020/03/16","4","1","0.24042853982939189","0","0",""
"Biobío","2020/03/17","4","0","0.24042853982939189","0","0",""
"Biobío","2020/03/18","7","3","0.42074994470143584","0","0",""
"Biobío","2020/03/19","14","7","0.8414998894028717","0","0",""
"Biobío","2020/03/20","19","5","1.1420355641896116","0","0",""
"Biobío","2020/03/21","30","11","1.8032140487204391","0","0",""
"Biobío","2020/03/22","35","5","2.103749723507179","0","0",""
"Biobío","2020/03/23","46","11","2.764928208038007","0","0","745"
"Biobío","2020/03/24","73","27","4.387820851886402","0","0","917"
"Biobío","2020/03/25","95","22","5.710177820948058","1","1","1123"
"Biobío","2020/03/26","109","14","6.55167771035093","1","2","1350"
"Biobío","2020/03/27","135","26","8.114463219241978","0","2","1616"
"Biobío","2020/03/28","151","16","9.076177378559544","0","2","1806"
"Biobío","2020/03/29","185","34","11.119819967109375","0","2","1937"
"Biobío","2020/03/30","201","16","12.081534126426943","0","2","2207"
"Biobío","2020/03/31","216","15","12.983141150787162","0","2","2450"
"Biobío","2020/04/01","240","24","14.425712389763513","0","2",""
"Biobío","2020/04/02","275","35","16.529462113270696","0","2",""
"Biobío","2020/04/03","302","27","18.152354757119088","0","2",""
"Biobío","2020/04/04","347","45","20.857175830199747","0","2",""
"Biobío","2020/04/05","365","18","21.93910425943201","0","2",""
"Biobío","2020/04/06","383","18","23.021032688664278","0","2",""
"Biobío","2020/04/07","410","27","24.64392533251267","0","2",""
"Biobío","2020/04/08","439","29","26.38703224627576","0","2",""
"Biobío","2020/04/09","460","21","27.64928208038007","0","2",""
"Biobío","2020/04/10","474","14","28.49078196978294","0","2",""
"Biobío","2020/04/11","490","16","29.452496129100506","0","2",""
"Biobío","2020/04/12","500","10","30.053567478673987","0","2",""
"Biobío","2020/04/13","512","12","30.77485309816216","0","2",""
"Biobío","2020/04/14","528","16","31.73656725747973","0","2",""
"Biobío","2020/04/15","542","14","32.5780671468826","0","2",""
"Biobío","2020/04/16","559","17","33.59988844115752","0","2",""
"Biobío","2020/04/17","578","19","34.74192400534713","1","3",""
"Biobío","2020/04/18","606","28","36.424923784152874","0","3",""
"Biobío","2020/04/19","616","10","37.025995133726354","0","3",""
"Biobío","2020/04/20","626","10","37.627066483299835","0","3",""
"Biobío","2020/04/21","636","10","38.228137832873315","1","4",""
"Biobío","2020/04/22","658","22","39.55049480193497","1","5",""
"Biobío","2020/04/23","675","17","40.57231609620988","0","5",""
"Biobío","2020/04/24","683","8","41.05317317586867","0","5",""
"Biobío","2020/04/25","696","13","41.83456593031419","0","5",""
"Biobío","2020/04/26","703","7","42.25531587501563","1","6",""
"Biobío","2020/04/27","706","3","42.43563727988767","0","6",""
"Biobío","2020/04/28","709","3","42.61595868475972","1","7",""
"Biobío","2020/04/29","719","10","43.2170300343332","0","7",""
"Biobío","2020/04/30","727","8","43.697887113991975","0","7",""
"Biobío","2020/05/01","729","2","43.81810138390668","0","7",""
"Biobío","2020/05/02","751","22","45.14045835296833","0","7",""
"Biobío","2020/05/03","759","8","45.621315432627114","0","7",""
"Biobío","2020/05/04","762","3","45.80163683749916","1","8",""
"Biobío","2020/05/05","774","12","46.52292245698733","0","8",""
"Biobío","2020/05/06","789","15","47.424529481347555","0","8",""
"Biobío","2020/05/07","814","25","48.927207855281246","0","8",""
"Biobío","2020/05/08","842","28","50.610207634087","0","8",""
"Biobío","2020/05/09","882","40","53.01449303238092","0","8",""
"Biobío","2020/05/10","899","17","54.036314326655834","0","8",""
"Biobío","2020/05/11","932","33","56.01984978024832","0","8",""
"Biobío","2020/05/12","942","10","56.6209211298218","1","9",""
"Biobío","2020/05/13","975","33","58.604456583414276","0","9",""
"Biobío","2020/05/14","995","20","59.80659928256124","0","9",""
"Biobío","2020/05/15","1036","41","62.27099181581251","0","9",""
"Biobío","2020/05/16","1074","38","64.55506294419173","0","9",""
"Biobío","2020/05/17","1099","25","66.05774131812542","0","9",""
"Biobío","2020/05/18","1144","45","68.76256239120609","0","9",""
"Biobío","2020/05/19","1172","28","70.44556217001183","0","9",""
"Biobío","2020/05/20","1224","52","73.57113318779392","0","9",""
"Biobío","2020/05/21","1263","39","75.9153114511305","0","9",""
"Biobío","2020/05/22","1311","48","78.80045392908319","1","10",""
"Biobío","2020/05/23","1354","43","81.38506073224916","0","10",""
"Biobío","2020/05/24","1414","60","84.99148882969004","0","10",""
"Biobío","2020/05/25","1458","44","87.63620276781336","0","10",""
"Biobío","2020/05/26","1502","44","90.28091670593666","0","10",""
"Biobío","2020/05/27","1565","63","94.06766620824958","0","10",""
"Biobío","2020/05/28","1677","112","100.79966532347255","0","10",""
"Biobío","2020/05/29","1778","101","106.8704859541647","1","11",""
"Biobío","2020/05/30","1888","110","113.48227079947299","0","11",""
"Biobío","2020/05/31","1979","91","118.95202008059165","0","11",""
"Biobío","2020/06/01","2070","91","124.42176936171032","0","11",""
"Biobío","2020/06/02","2082","12","125.14305498119847","0","11",""
"Biobío","2020/06/03","2215","133","133.13730393052577","0","11",""
"Biobío","2020/06/04","2301","86","138.3065175368577","2","13",""
"Biobío","2020/06/05","2379","78","142.99487406353083","0","13",""
"Biobío","2020/06/06","2490","111","149.66676604379646","0","13",""
"Coquimbo","2020/03/03","0","0","0","0","0",""
"Coquimbo","2020/03/04","0","0","0","0","0",""
"Coquimbo","2020/03/05","0","0","0","0","0",""
"Coquimbo","2020/03/06","0","0","0","0","0",""
"Coquimbo","2020/03/07","0","0","0","0","0",""
"Coquimbo","2020/03/08","0","0","0","0","0",""
"Coquimbo","2020/03/09","0","0","0","0","0",""
"Coquimbo","2020/03/10","0","0","0","0","0",""
"Coquimbo","2020/03/11","0","0","0","0","0",""
"Coquimbo","2020/03/12","0","0","0","0","0",""
"Coquimbo","2020/03/13","0","0","0","0","0",""
"Coquimbo","2020/03/14","0","0","0","0","0",""
"Coquimbo","2020/03/15","0","0","0","0","0",""
"Coquimbo","2020/03/16","0","0","0","0","0",""
"Coquimbo","2020/03/17","0","0","0","0","0",""
"Coquimbo","2020/03/18","0","0","0","0","0",""
"Coquimbo","2020/03/19","2","2","0.23920698101653398","0","0",""
"Coquimbo","2020/03/20","3","1","0.358810471524801","0","0",""
"Coquimbo","2020/03/21","3","0","0.358810471524801","0","0",""
"Coquimbo","2020/03/22","5","2","0.598017452541335","0","0",""
"Coquimbo","2020/03/23","6","1","0.717620943049602","0","0","214"
"Coquimbo","2020/03/24","11","5","1.315638395590937","0","0","258"
"Coquimbo","2020/03/25","12","1","1.435241886099204","0","0","290"
"Coquimbo","2020/03/26","13","1","1.554845376607471","0","0","340"
"Coquimbo","2020/03/27","14","1","1.674448867115738","0","0","375"
"Coquimbo","2020/03/28","15","1","1.794052357624005","0","0","392"
"Coquimbo","2020/03/29","18","3","2.152862829148806","0","0","435"
"Coquimbo","2020/03/30","27","9","3.229294243723209","0","0","470"
"Coquimbo","2020/03/31","28","1","3.348897734231476","0","0","503"
"Coquimbo","2020/04/01","30","2","3.58810471524801","0","0",""
"Coquimbo","2020/04/02","34","4","4.066518677281078","0","0",""
"Coquimbo","2020/04/03","35","1","4.186122167789344","0","0",""
"Coquimbo","2020/04/04","44","9","5.262553582363748","0","0",""
"Coquimbo","2020/04/05","50","6","5.98017452541335","0","0",""
"Coquimbo","2020/04/06","51","1","6.099778015921617","0","0",""
"Coquimbo","2020/04/07","52","1","6.219381506429884","0","0",""
"Coquimbo","2020/04/08","56","4","6.697795468462952","0","0",""
"Coquimbo","2020/04/09","61","5","7.295812921004287","0","0",""
"Coquimbo","2020/04/10","61","0","7.295812921004287","0","0",""
"Coquimbo","2020/04/11","64","3","7.654623392529087","0","0",""
"Coquimbo","2020/04/12","66","2","7.8938303735456214","0","0",""
"Coquimbo","2020/04/13","66","0","7.8938303735456214","0","0",""
"Coquimbo","2020/04/14","66","0","7.8938303735456214","0","0",""
"Coquimbo","2020/04/15","66","0","7.8938303735456214","0","0",""
"Coquimbo","2020/04/16","68","2","8.133037354562155","0","0",""
"Coquimbo","2020/04/17","68","0","8.133037354562155","0","0",""
"Coquimbo","2020/04/18","68","0","8.133037354562155","0","0",""
"Coquimbo","2020/04/19","68","0","8.133037354562155","0","0",""
"Coquimbo","2020/04/20","69","1","8.252640845070422","0","0",""
"Coquimbo","2020/04/21","69","0","8.252640845070422","0","0",""
"Coquimbo","2020/04/22","70","1","8.372244335578689","0","0",""
"Coquimbo","2020/04/23","70","0","8.372244335578689","0","0",""
"Coquimbo","2020/04/24","72","2","8.611451316595224","0","0",""
"Coquimbo","2020/04/25","73","1","8.73105480710349","0","0",""
"Coquimbo","2020/04/26","73","0","8.73105480710349","0","0",""
"Coquimbo","2020/04/27","74","1","8.850658297611757","0","0",""
"Coquimbo","2020/04/28","74","0","8.850658297611757","0","0",""
"Coquimbo","2020/04/29","76","2","9.089865278628292","0","0",""
"Coquimbo","2020/04/30","76","0","9.089865278628292","0","0",""
"Coquimbo","2020/05/01","77","1","9.209468769136558","0","0",""
"Coquimbo","2020/05/02","78","1","9.329072259644825","0","0",""
"Coquimbo","2020/05/03","88","10","10.525107164727496","0","0",""
"Coquimbo","2020/05/04","91","3","10.883917636252297","0","0",""
"Coquimbo","2020/05/05","97","6","11.601538579301899","0","0",""
"Coquimbo","2020/05/06","97","0","11.601538579301899","0","0",""
"Coquimbo","2020/05/07","100","3","11.9603490508267","0","0",""
"Coquimbo","2020/05/08","111","11","13.275987446417638","0","0",""
"Coquimbo","2020/05/09","129","18","15.428850275566441","0","0",""
"Coquimbo","2020/05/10","135","6","16.146471218616043","1","1",""
"Coquimbo","2020/05/11","140","5","16.744488671157377","0","1",""
"Coquimbo","2020/05/12","148","8","17.701316595223513","0","1",""
"Coquimbo","2020/05/13","153","5","18.299334047764848","0","1",""
"Coquimbo","2020/05/14","165","12","19.734575933864054","0","1",""
"Coquimbo","2020/05/15","180","15","21.528628291488058","0","1",""
"Coquimbo","2020/05/16","187","7","22.36585272504593","1","2",""
"Coquimbo","2020/05/17","194","7","23.203077158603797","0","2",""
"Coquimbo","2020/05/18","212","18","25.355939987752606","0","2",""
"Coquimbo","2020/05/19","239","27","28.58523423147581","0","2",""
"Coquimbo","2020/05/20","263","24","31.45571800367422","0","2",""
"Coquimbo","2020/05/21","268","5","32.053735456215556","0","2",""
"Coquimbo","2020/05/22","281","13","33.60858083282303","0","2",""
"Coquimbo","2020/05/23","294","13","35.1634262094305","0","2",""
"Coquimbo","2020/05/24","323","29","38.63192743417024","0","2",""
"Coquimbo","2020/05/25","338","15","40.42597979179425","0","2",""
"Coquimbo","2020/05/26","384","46","45.92774035517453","0","2",""
"Coquimbo","2020/05/27","455","71","54.41958818126148","0","2",""
"Coquimbo","2020/05/28","482","27","57.648882424984684","0","2",""
"Coquimbo","2020/05/29","537","55","64.22707440293938","0","2",""
"Coquimbo","2020/05/30","597","60","71.4032838334354","0","2",""
"Coquimbo","2020/05/31","628","31","75.11099203919167","0","2",""
"Coquimbo","2020/06/01","668","40","79.89513165952236","0","2",""
"Coquimbo","2020/06/02","687","19","82.16759797917942","0","2",""
"Coquimbo","2020/06/03","718","31","85.8753061849357","2","4",""
"Coquimbo","2020/06/04","772","54","92.33389467238212","0","4",""
"Coquimbo","2020/06/05","832","60","99.51010410287815","1","5",""
"Coquimbo","2020/06/06","898","66","107.40393447642374","0","5",""
"Los Lagos","2020/03/03","0","0","0","0","0",""
"Los Lagos","2020/03/04","0","0","0","0","0",""
"Los Lagos","2020/03/05","0","0","0","0","0",""
"Los Lagos","2020/03/06","0","0","0","0","0",""
"Los Lagos","2020/03/07","1","1","0.1121780489993718","0","0",""
"Los Lagos","2020/03/08","1","0","0.1121780489993718","0","0",""
"Los Lagos","2020/03/09","1","0","0.1121780489993718","0","0",""
"Los Lagos","2020/03/10","1","0","0.1121780489993718","0","0",""
"Los Lagos","2020/03/11","1","0","0.1121780489993718","0","0",""
"Los Lagos","2020/03/12","1","0","0.1121780489993718","0","0",""
"Los Lagos","2020/03/13","1","0","0.1121780489993718","0","0",""
"Los Lagos","2020/03/14","1","0","0.1121780489993718","0","0",""
"Los Lagos","2020/03/15","1","0","0.1121780489993718","0","0",""
"Los Lagos","2020/03/16","1","0","0.1121780489993718","0","0",""
"Los Lagos","2020/03/17","1","0","0.1121780489993718","0","0",""
"Los Lagos","2020/03/18","8","7","0.8974243919949744","0","0",""
"Los Lagos","2020/03/19","16","8","1.7948487839899487","0","0",""
"Los Lagos","2020/03/20","18","2","2.0192048819886925","0","0",""
"Los Lagos","2020/03/21","20","2","2.243560979987436","0","0",""
"Los Lagos","2020/03/22","23","3","2.5800951269855514","0","0",""
"Los Lagos","2020/03/23","33","10","3.7018756169792693","0","0","340"
"Los Lagos","2020/03/24","36","3","4.038409763977385","0","0","402"
"Los Lagos","2020/03/25","44","8","4.935834155972359","0","0","519"
"Los Lagos","2020/03/26","60","16","6.730682939962309","0","0","597"
"Los Lagos","2020/03/27","63","3","7.067217086960423","0","0","700"
"Los Lagos","2020/03/28","93","30","10.432558556941578","0","0","757"
"Los Lagos","2020/03/29","104","11","11.666517095934667","0","0","828"
"Los Lagos","2020/03/30","128","24","14.35879027191959","0","0","917"
"Los Lagos","2020/03/31","151","23","16.938885398905143","0","0","1036"
"Los Lagos","2020/04/01","181","30","20.304226868886296","0","0",""
"Los Lagos","2020/04/02","203","22","22.772143946872475","0","0",""
"Los Lagos","2020/04/03","234","31","26.249663465853","0","0",""
"Los Lagos","2020/04/04","259","25","29.054114690837295","0","0",""
"Los Lagos","2020/04/05","276","17","30.96114152382662","1","1",""
"Los Lagos","2020/04/06","286","10","32.08292201382034","1","2",""
"Los Lagos","2020/04/07","299","13","33.541236650812166","0","2",""
"Los Lagos","2020/04/08","325","26","36.45786592479584","0","2",""
"Los Lagos","2020/04/09","340","15","38.14053665978641","0","2",""
"Los Lagos","2020/04/10","349","9","39.15013910078076","0","2",""
"Los Lagos","2020/04/11","364","15","40.832809835771336","3","5",""
"Los Lagos","2020/04/12","372","8","41.73023422776631","0","5",""
"Los Lagos","2020/04/13","380","8","42.627658619761284","0","5",""
"Los Lagos","2020/04/14","385","5","43.18854886475815","0","5",""
"Los Lagos","2020/04/15","390","5","43.749439109755","0","5",""
"Los Lagos","2020/04/16","399","9","44.759041550749345","0","5",""
"Los Lagos","2020/04/17","412","13","46.21735618774118","1","6",""
"Los Lagos","2020/04/18","416","4","46.66606838373867","0","6",""
"Los Lagos","2020/04/19","421","5","47.22695862873553","0","6",""
"Los Lagos","2020/04/20","424","3","47.56349277573364","0","6",""
"Los Lagos","2020/04/21","432","8","48.46091716772862","0","6",""
"Los Lagos","2020/04/22","445","13","49.919231804720454","0","6",""
"Los Lagos","2020/04/23","454","9","50.9288342457148","1","7",""
"Los Lagos","2020/04/24","460","6","51.60190253971103","1","8",""
"Los Lagos","2020/04/25","465","5","52.16279278470789","0","8",""
"Los Lagos","2020/04/26","473","8","53.06021717670286","0","8",""
"Los Lagos","2020/04/27","477","4","53.50892937270035","0","8",""
"Los Lagos","2020/04/28","477","0","53.50892937270035","1","9",""
"Los Lagos","2020/04/29","481","4","53.95764156869784","0","9",""
"Los Lagos","2020/04/30","487","6","54.63070986269407","1","10",""
"Los Lagos","2020/05/01","501","14","56.20120254868527","0","10",""
"Los Lagos","2020/05/02","513","12","57.547339136677735","0","10",""
"Los Lagos","2020/05/03","517","4","57.99605133267522","0","10",""
"Los Lagos","2020/05/04","524","7","58.78129767567082","0","10",""
"Los Lagos","2020/05/05","525","1","58.89347572467019","0","10",""
"Los Lagos","2020/05/06","541","16","60.688324508660145","0","10",""
"Los Lagos","2020/05/07","545","4","61.13703670465764","0","10",""
"Los Lagos","2020/05/08","548","3","61.47357085165575","0","10",""
"Los Lagos","2020/05/09","559","11","62.70752939064884","0","10",""
"Los Lagos","2020/05/10","575","16","64.50237817463879","0","10",""
"Los Lagos","2020/05/11","592","17","66.40940500762811","0","10",""
"Los Lagos","2020/05/12","594","2","66.63376110562686","1","11",""
"Los Lagos","2020/05/13","628","34","70.4478147716055","0","11",""
"Los Lagos","2020/05/14","633","5","71.00870501660235","0","11",""
"Los Lagos","2020/05/15","641","8","71.90612940859732","0","11",""
"Los Lagos","2020/05/16","644","3","72.24266355559544","0","11",""
"Los Lagos","2020/05/17","647","3","72.57919770259356","0","11",""
"Los Lagos","2020/05/18","652","5","73.14008794759042","0","11",""
"Los Lagos","2020/05/19","656","4","73.5888001435879","1","12",""
"Los Lagos","2020/05/20","666","10","74.71058063358163","0","12",""
"Los Lagos","2020/05/21","693","27","77.73938795656466","1","13",""
"Los Lagos","2020/05/22","717","24","80.43166113254958","0","13",""
"Los Lagos","2020/05/23","727","10","81.5534416225433","0","13",""
"Los Lagos","2020/05/24","736","9","82.56304406353765","0","13",""
"Los Lagos","2020/05/25","763","27","85.59185138652069","0","13",""
"Los Lagos","2020/05/26","781","18","87.61105626850937","0","13",""
"Los Lagos","2020/05/27","791","10","88.7328367585031","0","13",""
"Los Lagos","2020/05/28","814","23","91.31293188548864","0","13",""
"Los Lagos","2020/05/29","822","8","92.21035627748363","0","13",""
"Los Lagos","2020/05/30","860","38","96.47312213945975","0","13",""
"Los Lagos","2020/05/31","863","3","96.80965628645787","0","13",""
"Los Lagos","2020/06/01","863","0","96.80965628645787","0","13",""
"Los Lagos","2020/06/02","894","31","100.28717580543838","0","13",""
"Los Lagos","2020/06/03","913","19","102.41855873642646","0","13",""
"Los Lagos","2020/06/04","926","13","103.87687337341828","0","13",""
"Los Lagos","2020/06/05","968","42","108.58835143139191","0","13",""
"Los Lagos","2020/06/06","985","17","110.49537826438123","0","13",""
"Los Ríos","2020/03/03","0","0","0","0","0",""
"Los Ríos","2020/03/04","0","0","0","0","0",""
"Los Ríos","2020/03/05","0","0","0","0","0",""
"Los Ríos","2020/03/06","0","0","0","0","0",""
"Los Ríos","2020/03/07","0","0","0","0","0",""
"Los Ríos","2020/03/08","0","0","0","0","0",""
"Los Ríos","2020/03/09","0","0","0","0","0",""
"Los Ríos","2020/03/10","0","0","0","0","0",""
"Los Ríos","2020/03/11","0","0","0","0","0",""
"Los Ríos","2020/03/12","0","0","0","0","0",""
"Los Ríos","2020/03/13","0","0","0","0","0",""
"Los Ríos","2020/03/14","0","0","0","0","0",""
"Los Ríos","2020/03/15","0","0","0","0","0",""
"Los Ríos","2020/03/16","1","1","0.24640555890940902","0","0",""
"Los Ríos","2020/03/17","1","0","0.24640555890940902","0","0",""
"Los Ríos","2020/03/18","1","0","0.24640555890940902","0","0",""
"Los Ríos","2020/03/19","1","0","0.24640555890940902","0","0",""
"Los Ríos","2020/03/20","1","0","0.24640555890940902","0","0",""
"Los Ríos","2020/03/21","1","0","0.24640555890940902","0","0",""
"Los Ríos","2020/03/22","1","0","0.24640555890940902","0","0",""
"Los Ríos","2020/03/23","4","3","0.9856222356376361","0","0","185"
"Los Ríos","2020/03/24","6","2","1.478433353456454","0","0","216"
"Los Ríos","2020/03/25","11","5","2.710461148003499","0","0","264"
"Los Ríos","2020/03/26","14","3","3.449677824731726","0","0","326"
"Los Ríos","2020/03/27","22","8","5.420922296006998","0","0","383"
"Los Ríos","2020/03/28","27","5","6.652950090554043","0","0","456"
"Los Ríos","2020/03/29","40","13","9.85622235637636","0","0","523"
"Los Ríos","2020/03/30","47","7","11.581061268742223","0","0","587"
"Los Ríos","2020/03/31","58","11","14.291522416745721","0","0","669"
"Los Ríos","2020/04/01","64","6","15.769955770202177","1","1",""
"Los Ríos","2020/04/02","68","4","16.755578005839812","0","1",""
"Los Ríos","2020/04/03","78","10","19.219633594933903","0","1",""
"Los Ríos","2020/04/04","89","11","21.930094742937403","0","1",""
"Los Ríos","2020/04/05","99","10","24.39415033203149","0","1",""
"Los Ríos","2020/04/06","104","5","25.626178126578534","0","1",""
"Los Ríos","2020/04/07","109","5","26.85820592112558","1","2",""
"Los Ríos","2020/04/08","114","5","28.090233715672625","0","2",""
"Los Ríos","2020/04/09","118","4","29.075855951310263","0","2",""
"Los Ríos","2020/04/10","124","6","30.554289304766712","0","2",""
"Los Ríos","2020/04/11","130","6","32.032722658223165","0","2",""
"Los Ríos","2020/04/12","135","5","33.264750452770215","1","3",""
"Los Ríos","2020/04/13","138","3","34.00396712949844","0","3",""
"Los Ríos","2020/04/14","148","10","36.468022718592536","0","3",""
"Los Ríos","2020/04/15","150","2","36.96083383641135","0","3",""
"Los Ríos","2020/04/16","153","3","37.70005051313957","0","3",""
"Los Ríos","2020/04/17","154","1","37.94645607204899","0","3",""
"Los Ríos","2020/04/18","156","2","38.439267189867806","0","3",""
"Los Ríos","2020/04/19","157","1","38.68567274877721","0","3",""
"Los Ríos","2020/04/20","162","5","39.91770054332426","0","3",""
"Los Ríos","2020/04/21","167","5","41.1497283378713","0","3",""
"Los Ríos","2020/04/22","171","4","42.13535057350894","0","3",""
"Los Ríos","2020/04/23","173","2","42.628161691327755","0","3",""
"Los Ríos","2020/04/24","174","1","42.87456725023717","0","3",""
"Los Ríos","2020/04/25","177","3","43.61378392696539","0","3",""
"Los Ríos","2020/04/26","178","1","43.860189485874805","0","3",""
"Los Ríos","2020/04/27","180","2","44.353000603693616","0","3",""
"Los Ríos","2020/04/28","180","0","44.353000603693616","1","4",""
"Los Ríos","2020/04/29","182","2","44.84581172151244","0","4",""
"Los Ríos","2020/04/30","189","7","46.5706506338783","0","4",""
"Los Ríos","2020/05/01","189","0","46.5706506338783","0","4",""
"Los Ríos","2020/05/02","196","7","48.29548954624416","0","4",""
"Los Ríos","2020/05/03","198","2","48.78830066406298","0","4",""
"Los Ríos","2020/05/04","199","1","49.03470622297239","0","4",""
"Los Ríos","2020/05/05","199","0","49.03470622297239","0","4",""
"Los Ríos","2020/05/06","200","1","49.2811117818818","0","4",""
"Los Ríos","2020/05/07","202","2","49.77392289970062","0","4",""
"Los Ríos","2020/05/08","203","1","50.02032845861003","0","4",""
"Los Ríos","2020/05/09","206","3","50.75954513533825","1","5",""
"Los Ríos","2020/05/10","206","0","50.75954513533825","0","5",""
"Los Ríos","2020/05/11","208","2","51.25235625315707","0","5",""
"Los Ríos","2020/05/12","211","3","51.9915729298853","0","5",""
"Los Ríos","2020/05/13","212","1","52.23797848879471","1","6",""
"Los Ríos","2020/05/14","214","2","52.73078960661352","0","6",""
"Los Ríos","2020/05/15","219","5","53.96281740116057","0","6",""
"Los Ríos","2020/05/16","219","0","53.96281740116057","0","6",""
"Los Ríos","2020/05/17","220","1","54.20922296006998","0","6",""
"Los Ríos","2020/05/18","224","4","55.194845195707614","0","6",""
"Los Ríos","2020/05/19","229","5","56.426872990254665","0","6",""
"Los Ríos","2020/05/20","247","18","60.862173050624016","0","6",""
"Los Ríos","2020/05/21","258","11","63.57263419862752","0","6",""
"Los Ríos","2020/05/22","262","4","64.55825643426516","0","6",""
"Los Ríos","2020/05/23","274","12","67.51512314117807","0","6",""
"Los Ríos","2020/05/24","290","16","71.4576120837286","0","6",""
"Los Ríos","2020/05/25","297","7","73.18245099609447","0","6",""
"Los Ríos","2020/05/26","304","7","74.90728990846034","0","6",""
"Los Ríos","2020/05/27","309","5","76.13931770300738","0","6",""
"Los Ríos","2020/05/28","318","9","78.35696773319206","0","6",""
"Los Ríos","2020/05/29","330","12","81.31383444010497","0","6",""
"Los Ríos","2020/05/30","345","15","85.00991782374611","0","6",""
"Los Ríos","2020/05/31","356","11","87.72037897174961","0","6",""
"Los Ríos","2020/06/01","363","7","89.44521788411546","1","7",""
"Los Ríos","2020/06/02","368","5","90.67724567866252","0","7",""
"Los Ríos","2020/06/03","372","4","91.66286791430015","1","8",""
"Los Ríos","2020/06/04","379","7","93.387706826666","0","8",""
"Los Ríos","2020/06/05","390","11","96.09816797466951","0","8",""
"Los Ríos","2020/06/06","400","10","98.5622235637636","0","8",""
"Magallanes","2020/03/03","0","0","0","0","0",""
"Magallanes","2020/03/04","0","0","0","0","0",""
"Magallanes","2020/03/05","0","0","0","0","0",""
"Magallanes","2020/03/06","0","0","0","0","0",""
"Magallanes","2020/03/07","0","0","0","0","0",""
"Magallanes","2020/03/08","0","0","0","0","0",""
"Magallanes","2020/03/09","0","0","0","0","0",""
"Magallanes","2020/03/10","0","0","0","0","0",""
"Magallanes","2020/03/11","0","0","0","0","0",""
"Magallanes","2020/03/12","0","0","0","0","0",""
"Magallanes","2020/03/13","0","0","0","0","0",""
"Magallanes","2020/03/14","0","0","0","0","0",""
"Magallanes","2020/03/15","0","0","0","0","0",""
"Magallanes","2020/03/16","0","0","0","0","0",""
"Magallanes","2020/03/17","2","2","1.1213150783238583","0","0",""
"Magallanes","2020/03/18","2","0","1.1213150783238583","0","0",""
"Magallanes","2020/03/19","2","0","1.1213150783238583","0","0",""
"Magallanes","2020/03/20","2","0","1.1213150783238583","0","0",""
"Magallanes","2020/03/21","3","1","1.6819726174857872","0","0",""
"Magallanes","2020/03/22","4","1","2.2426301566477167","0","0",""
"Magallanes","2020/03/23","6","2","3.3639452349715744","0","0","150"
"Magallanes","2020/03/24","8","2","4.485260313295433","0","0","183"
"Magallanes","2020/03/25","13","5","7.288548009105078","0","0","221"
"Magallanes","2020/03/26","19","6","10.652493244076652","0","0","260"
"Magallanes","2020/03/27","22","3","12.334465861562443","0","0","307"
"Magallanes","2020/03/28","26","4","14.577096018210156","0","0","375"
"Magallanes","2020/03/29","39","13","21.865644027315234","0","0","430"
"Magallanes","2020/03/30","39","0","21.865644027315234","0","0","475"
"Magallanes","2020/03/31","63","24","35.32142496720154","0","0","535"
"Magallanes","2020/04/01","99","36","55.50509637703098","0","0",""
"Magallanes","2020/04/02","114","15","63.91495946445992","0","0",""
"Magallanes","2020/04/03","156","42","87.46257610926094","1","1",""
"Magallanes","2020/04/04","172","16","96.4330967358518","1","2",""
"Magallanes","2020/04/05","190","18","106.52493244076653","0","2",""
"Magallanes","2020/04/06","221","31","123.90531615478633","0","2",""
"Magallanes","2020/04/07","240","19","134.557809398863","0","2",""
"Magallanes","2020/04/08","266","26","149.13490541707313","1","3",""
"Magallanes","2020/04/09","286","20","160.34805620031173","0","3",""
"Magallanes","2020/04/10","331","45","185.57764546259853","0","3",""
"Magallanes","2020/04/11","377","46","211.36789226404727","0","3",""
"Magallanes","2020/04/12","396","19","222.02038550812392","1","4",""
"Magallanes","2020/04/13","415","19","232.67287875220057","1","5",""
"Magallanes","2020/04/14","429","14","240.5220843004676","1","6",""
"Magallanes","2020/04/15","444","15","248.93194738789654","0","6",""
"Magallanes","2020/04/16","467","23","261.8270707886209","0","6",""
"Magallanes","2020/04/17","501","34","280.88942712012647","0","6",""
"Magallanes","2020/04/18","522","21","292.663235442527","0","6",""
"Magallanes","2020/04/19","553","31","310.0436191565468","0","6",""
"Magallanes","2020/04/20","566","13","317.33216716565187","0","6",""
"Magallanes","2020/04/21","593","27","332.46992072302396","1","7",""
"Magallanes","2020/04/22","605","12","339.1978111929671","0","7",""
"Magallanes","2020/04/23","615","10","344.80438658458644","0","7",""
"Magallanes","2020/04/24","624","9","349.85030443704375","1","8",""
"Magallanes","2020/04/25","655","31","367.23068815106353","0","8",""
"Magallanes","2020/04/26","668","13","374.51923616016865","1","9",""
"Magallanes","2020/04/27","671","3","376.2012087776544","1","10",""
"Magallanes","2020/04/28","693","22","388.53567463921684","0","10",""
"Magallanes","2020/04/29","714","21","400.3094829616174","1","11",""
"Magallanes","2020/04/30","725","11","406.47671589239866","0","11",""
"Magallanes","2020/05/01","726","1","407.0373734315605","0","11",""
"Magallanes","2020/05/02","752","26","421.61446944977064","0","11",""
"Magallanes","2020/05/03","777","25","435.6309079288189","0","11",""
"Magallanes","2020/05/04","795","18","445.7227436337336","0","11",""
"Magallanes","2020/05/05","809","14","453.57194918200065","0","11",""
"Magallanes","2020/05/06","818","9","458.617867034458","0","11",""
"Magallanes","2020/05/07","836","18","468.70970273937274","0","11",""
"Magallanes","2020/05/08","867","31","486.0900864533926","0","11",""
"Magallanes","2020/05/09","881","14","493.93929200165957","0","11",""
"Magallanes","2020/05/10","893","12","500.6671824716027","2","13",""
"Magallanes","2020/05/11","901","8","505.1524427848981","1","14",""
"Magallanes","2020/05/12","910","9","510.19836063735545","0","14",""
"Magallanes","2020/05/13","921","11","516.3655935681367","2","16",""
"Magallanes","2020/05/14","935","14","524.2147991164037","0","16",""
"Magallanes","2020/05/15","937","2","525.3361141947275","0","16",""
"Magallanes","2020/05/16","952","15","533.7459772821566","0","16",""
"Magallanes","2020/05/17","961","9","538.7918951346138","0","16",""
"Magallanes","2020/05/18","971","10","544.3984705262332","0","16",""
"Magallanes","2020/05/19","972","1","544.959128065395","1","17",""
"Magallanes","2020/05/20","977","5","547.7624157612047","1","18",""
"Magallanes","2020/05/21","987","10","553.368991152824","0","18",""
"Magallanes","2020/05/22","992","5","556.1722788486337","0","18",""
"Magallanes","2020/05/23","997","5","558.9755665444433","0","18",""
"Magallanes","2020/05/24","1010","13","566.2641145535484","0","18",""
"Magallanes","2020/05/25","1016","6","569.62805978852","0","18",""
"Magallanes","2020/05/26","1031","15","578.0379228759489","0","18",""
"Magallanes","2020/05/27","1037","6","581.4018681109205","0","18",""
"Magallanes","2020/05/28","1040","3","583.0838407284062","0","18",""
"Magallanes","2020/05/29","1047","7","587.0084435025398","1","19",""
"Magallanes","2020/05/30","1054","7","590.9330462766733","0","19",""
"Magallanes","2020/05/31","1056","2","592.0543613549971","0","19",""
"Magallanes","2020/06/01","1057","1","592.615018894159","0","19",""
"Magallanes","2020/06/02","1060","3","594.2969915116449","0","19",""
"Magallanes","2020/06/03","1063","3","595.9789641291306","0","19",""
"Magallanes","2020/06/04","1069","6","599.3429093641022","0","19",""
"Magallanes","2020/06/05","1072","3","601.024881981588","0","19",""
"Magallanes","2020/06/06","1081","9","606.0707998340454","0","19",""
"Maule","2020/03/03","1","1","0.08834398320050815","0","0",""
"Maule","2020/03/04","2","1","0.1766879664010163","0","0",""
"Maule","2020/03/05","2","0","0.1766879664010163","0","0",""
"Maule","2020/03/06","2","0","0.1766879664010163","0","0",""
"Maule","2020/03/07","2","0","0.1766879664010163","0","0",""
"Maule","2020/03/08","3","1","0.2650319496015245","0","0",""
"Maule","2020/03/09","4","1","0.3533759328020326","0","0",""
"Maule","2020/03/10","5","1","0.4417199160025408","0","0",""
"Maule","2020/03/11","7","2","0.6184078824035572","0","0",""
"Maule","2020/03/12","7","0","0.6184078824035572","0","0",""
"Maule","2020/03/13","8","1","0.7067518656040652","0","0",""
"Maule","2020/03/14","9","1","0.7950958488045735","0","0",""
"Maule","2020/03/15","9","0","0.7950958488045735","0","0",""
"Maule","2020/03/16","9","0","0.7950958488045735","0","0",""
"Maule","2020/03/17","9","0","0.7950958488045735","0","0",""
"Maule","2020/03/18","11","2","0.9717838152055897","0","0",""
"Maule","2020/03/19","14","3","1.2368157648071143","0","0",""
"Maule","2020/03/20","14","0","1.2368157648071143","0","0",""
"Maule","2020/03/21","15","1","1.3251597480076223","0","0",""
"Maule","2020/03/22","25","10","2.208599580012704","0","0",""
"Maule","2020/03/23","28","3","2.4736315296142286","0","0","563"
"Maule","2020/03/24","29","1","2.561975512814737","0","0","677"
"Maule","2020/03/25","30","1","2.6503194960152445","0","0","762"
"Maule","2020/03/26","31","1","2.7386634792157527","0","0","875"
"Maule","2020/03/27","32","1","2.827007462416261","0","0","1060"
"Maule","2020/03/28","37","5","3.268727378418802","0","0","1122"
"Maule","2020/03/29","42","5","3.7104472944213422","0","0","1190"
"Maule","2020/03/30","54","12","4.77057509282744","1","1","1321"
"Maule","2020/03/31","62","8","5.477326958431505","0","1","1431"
"Maule","2020/04/01","71","9","6.2724228072360795","0","1",""
"Maule","2020/04/02","82","11","7.244206622441669","0","1",""
"Maule","2020/04/03","89","7","7.862614504845226","0","1",""
"Maule","2020/04/04","97","8","8.569366370449291","0","1",""
"Maule","2020/04/05","103","6","9.09943026965234","0","1",""
"Maule","2020/04/06","108","5","9.54115018565488","0","1",""
"Maule","2020/04/07","108","0","9.54115018565488","1","2",""
"Maule","2020/04/08","119","11","10.51293400086047","0","2",""
"Maule","2020/04/09","128","9","11.308029849665044","0","2",""
"Maule","2020/04/10","131","3","11.573061799266569","0","2",""
"Maule","2020/04/11","134","3","11.838093748868092","1","3",""
"Maule","2020/04/12","138","4","12.191469681670124","0","3",""
"Maule","2020/04/13","141","3","12.45650163127165","0","3",""
"Maule","2020/04/14","142","1","12.544845614472159","1","4",""
"Maule","2020/04/15","152","10","13.42828544647724","0","4",""
"Maule","2020/04/16","167","15","14.753445194484863","0","4",""
"Maule","2020/04/17","223","56","19.70070825371332","3","7",""
"Maule","2020/04/18","276","53","24.38293936334025","1","8",""
"Maule","2020/04/19","302","26","26.67988292655346","0","8",""
"Maule","2020/04/20","304","2","26.85657089295448","2","10",""
"Maule","2020/04/21","316","12","27.916698691360576","0","10",""
"Maule","2020/04/22","328","12","28.976826489766676","0","10",""
"Maule","2020/04/23","333","5","29.418546405769217","0","10",""
"Maule","2020/04/24","349","16","30.832050136977344","0","10",""
"Maule","2020/04/25","350","1","30.920394120177853","0","10",""
"Maule","2020/04/26","354","4","31.273770052979888","1","11",""
"Maule","2020/04/27","363","9","32.06886590178446","1","12",""
"Maule","2020/04/28","384","21","33.924089548995134","0","12",""
"Maule","2020/04/29","392","8","34.630841414599196","1","13",""
"Maule","2020/04/30","393","1","34.719185397799706","0","13",""
"Maule","2020/05/01","394","1","34.807529381000215","0","13",""
"Maule","2020/05/02","396","2","34.98421734740123","0","13",""
"Maule","2020/05/03","397","1","35.07256133060174","0","13",""
"Maule","2020/05/04","399","2","35.249249297002756","0","13",""
"Maule","2020/05/05","408","9","36.04434514580733","0","13",""
"Maule","2020/05/06","408","0","36.04434514580733","0","13",""
"Maule","2020/05/07","414","6","36.57440904501038","0","13",""
"Maule","2020/05/08","425","11","37.54619286021596","0","13",""
"Maule","2020/05/09","432","7","38.16460074261952","1","14",""
"Maule","2020/05/10","441","9","38.9596965914241","0","14",""
"Maule","2020/05/11","454","13","40.1081683730307","0","14",""
"Maule","2020/05/12","466","12","41.1682961714368","0","14",""
"Maule","2020/05/13","485","19","42.84683185224645","0","14",""
"Maule","2020/05/14","519","34","45.850527281063734","0","14",""
"Maule","2020/05/15","540","21","47.705750928274405","0","14",""
"Maule","2020/05/16","551","11","48.677534743479995","0","14",""
"Maule","2020/05/17","573","22","50.621102373891176","0","14",""
"Maule","2020/05/18","602","29","53.18307788670591","0","14",""
"Maule","2020/05/19","640","38","56.54014924832522","0","14",""
"Maule","2020/05/20","680","40","60.073908576345545","0","14",""
"Maule","2020/05/21","731","51","64.57945171957147","1","15",""
"Maule","2020/05/22","782","51","69.08499486279739","0","15",""
"Maule","2020/05/23","823","41","72.70709817401821","0","15",""
"Maule","2020/05/24","892","69","78.80283301485328","0","15",""
"Maule","2020/05/25","953","61","84.19181599008427","0","15",""
"Maule","2020/05/26","1013","60","89.49245498211475","0","15",""
"Maule","2020/05/27","1066","53","94.17468609174169","0","15",""
"Maule","2020/05/28","1120","54","98.94526118456913","0","15",""
"Maule","2020/05/29","1180","60","104.24590017659962","0","15",""
"Maule","2020/05/30","1256","76","110.96004289983824","0","15",""
"Maule","2020/05/31","1297","41","114.58214621105907","0","15",""
"Maule","2020/06/01","1341","44","118.46928147188143","2","17",""
"Maule","2020/06/02","1381","40","122.00304079990175","0","17",""
"Maule","2020/06/03","1595","214","140.90865320481052","2","19",""
"Maule","2020/06/04","1732","137","153.01177890328012","2","21",""
"Maule","2020/06/05","1834","102","162.02286518973196","3","24",""
"Maule","2020/06/06","1969","135","173.94930292180055","0","24",""
"Metropolitana","2020/03/03","0","0","0","0","0",""
"Metropolitana","2020/03/04","1","1","0.012307583243570026","0","0",""
"Metropolitana","2020/03/05","2","1","0.02461516648714005","0","0",""
"Metropolitana","2020/03/06","3","1","0.03692274973071008","0","0",""
"Metropolitana","2020/03/07","4","1","0.0492303329742801","0","0",""
"Metropolitana","2020/03/08","6","2","0.07384549946142016","0","0",""
"Metropolitana","2020/03/09","9","3","0.11076824919213024","0","0",""
"Metropolitana","2020/03/10","10","1","0.12307583243570025","0","0",""
"Metropolitana","2020/03/11","14","4","0.17230616540998037","0","0",""
"Metropolitana","2020/03/12","23","9","0.2830744146021106","0","0",""
"Metropolitana","2020/03/13","29","6","0.35691991406353074","0","0",""
"Metropolitana","2020/03/14","40","11","0.492303329742801","0","0",""
"Metropolitana","2020/03/15","54","14","0.6646094951527814","0","0",""
"Metropolitana","2020/03/16","123","69","1.5138327389591133","0","0",""
"Metropolitana","2020/03/17","152","29","1.8707526530226442","0","0",""
"Metropolitana","2020/03/18","174","22","2.1415194843811847","0","0",""
"Metropolitana","2020/03/19","247","73","3.0399730611617968","0","0",""
"Metropolitana","2020/03/20","304","57","3.7415053060452883","0","0",""
"Metropolitana","2020/03/21","359","55","4.418422384441639","0","0",""
"Metropolitana","2020/03/22","409","50","5.033801546620141","1","1",""
"Metropolitana","2020/03/23","459","50","5.649180708798642","0","0","5861"
"Metropolitana","2020/03/24","540","81","6.6460949515278145","1","2","7054"
"Metropolitana","2020/03/25","682","142","8.393771772114757","0","2","8451"
"Metropolitana","2020/03/26","746","64","9.18145709970324","0","2","10337"
"Metropolitana","2020/03/27","938","192","11.544513082468685","1","3","12244"
"Metropolitana","2020/03/28","1084","146","13.341420236029908","0","3","13317"
"Metropolitana","2020/03/29","1167","83","14.362949645246221","0","3","14342"
"Metropolitana","2020/03/30","1295","128","15.938320300423184","0","3","16187"
"Metropolitana","2020/03/31","1420","125","17.476768205869437","1","4","17567"
"Metropolitana","2020/04/01","1521","101","18.71983411347001","1","5",""
"Metropolitana","2020/04/02","1636","115","20.135206186480563","1","6",""
"Metropolitana","2020/04/03","1742","106","21.439810010298988","2","8",""
"Metropolitana","2020/04/04","1957","215","24.08594040766654","1","9",""
"Metropolitana","2020/04/05","2102","145","25.870539977984198","1","10",""
"Metropolitana","2020/04/06","2244","142","27.618216798571137","0","10",""
"Metropolitana","2020/04/07","2350","106","28.922820622389565","2","12",""
"Metropolitana","2020/04/08","2548","198","31.359722104616427","2","14",""
"Metropolitana","2020/04/09","2832","284","34.855075745790316","7","21",""
"Metropolitana","2020/04/10","3193","361","39.298113296719094","8","29",""
"Metropolitana","2020/04/11","3448","255","42.43654702382945","3","32",""
"Metropolitana","2020/04/12","3599","151","44.29499209360853","3","35",""
"Metropolitana","2020/04/13","3803","204","46.805739075296806","1","36",""
"Metropolitana","2020/04/14","4086","283","50.28878513322713","4","40",""
"Metropolitana","2020/04/15","4334","248","53.341065777632494","1","41",""
"Metropolitana","2020/04/16","4682","348","57.624104746394856","7","48",""
"Metropolitana","2020/04/17","4915","233","60.49177164214668","3","51",""
"Metropolitana","2020/04/18","5192","277","63.90097220061558","7","58",""
"Metropolitana","2020/04/19","5381","189","66.22710543365031","5","63",""
"Metropolitana","2020/04/20","5643","262","69.45169224346566","4","67",""
"Metropolitana","2020/04/21","5788","145","71.23629181378331","2","69",""
"Metropolitana","2020/04/22","6083","295","74.86702887063647","9","78",""
"Metropolitana","2020/04/23","6434","351","79.18699058912955","7","85",""
"Metropolitana","2020/04/24","6761","327","83.21157030977695","1","86",""
"Metropolitana","2020/04/25","7165","404","88.18383394017924","3","89",""
"Metropolitana","2020/04/26","7496","331","92.25764399380091","2","91",""
"Metropolitana","2020/04/27","7858","362","96.71298912797327","4","95",""
"Metropolitana","2020/04/28","8300","442","102.15294092163123","5","100",""
"Metropolitana","2020/04/29","8889","589","109.40210745209397","4","104",""
"Metropolitana","2020/04/30","9625","736","118.46048871936149","6","110",""
"Metropolitana","2020/05/01","10516","891","129.4265453893824","4","114",""
"Metropolitana","2020/05/02","11661","1145","143.51872820327006","8","122",""
"Metropolitana","2020/05/03","12656","995","155.76477353062225","13","135",""
"Metropolitana","2020/05/04","13528","872","166.4969861190153","8","143",""
"Metropolitana","2020/05/05","14707","1179","181.0076267631844","3","146",""
"Metropolitana","2020/05/06","15582","875","191.77676210130815","4","150",""
"Metropolitana","2020/05/07","16828","1246","207.1120108227964","2","152",""
"Metropolitana","2020/05/08","17979","1151","221.2780391361455","5","157",""
"Metropolitana","2020/05/09","18957","978","233.314855548357","6","163",""
"Metropolitana","2020/05/10","20353","1396","250.49624175638075","3","166",""
"Metropolitana","2020/05/11","21317","964","262.36075200318226","6","172",""
"Metropolitana","2020/05/12","22709","1392","279.49290787823173","6","178",""
"Metropolitana","2020/05/13","24965","2256","307.2588156757257","6","184",""
"Metropolitana","2020/05/14","27216","2251","334.96318555700185","18","202",""
"Metropolitana","2020/05/15","29276","2060","360.31680703875605","19","221",""
"Metropolitana","2020/05/16","30794","1518","378.9997184024954","25","246",""
"Metropolitana","2020/05/17","32684","1890","402.26105073284276","24","270",""
"Metropolitana","2020/05/18","34451","1767","424.008550324231","24","294",""
"Metropolitana","2020/05/19","37591","3140","462.65436170904087","24","318",""
"Metropolitana","2020/05/20","41179","3588","506.81397038697014","30","348",""
"Metropolitana","2020/05/21","44641","3462","549.4228235762095","40","388",""
"Metropolitana","2020/05/22","48350","3709","595.0716498266108","35","423",""
"Metropolitana","2020/05/23","51399","3049","632.5974711362558","32","455",""
"Metropolitana","2020/05/24","54544","3145","671.3048204372835","39","494",""
"Metropolitana","2020/05/25","58930","4386","725.2858805435816","35","529",""
"Metropolitana","2020/05/26","62285","3355","766.5778223257591","38","567",""
"Metropolitana","2020/05/27","66011","3726","812.4358774913011","28","595",""
"Metropolitana","2020/05/28","69915","3904","860.4846824741984","43","638",""
"Metropolitana","2020/05/29","72910","2995","897.3458942886906","47","685",""
"Metropolitana","2020/05/30","76251","3341","938.465529905458","43","728",""
"Metropolitana","2020/05/31","80504","4253","990.8096814403614","47","775",""
"Metropolitana","2020/06/01","85239","4735","1049.0860880986654","49","824",""
"Metropolitana","2020/06/02","88194","2955","1085.4549965834149","70","894",""
"Metropolitana","2020/06/03","92191","3997","1134.6484068079642","67","961",""
"Metropolitana","2020/06/04","95890","3699","1180.1741572259298","73","1034",""
"Metropolitana","2020/06/05","99066","3176","1219.2630416075083","71","1105",""
"Metropolitana","2020/06/06","103194","4128","1270.0687452369652","79","1184",""
"O’Higgins","2020/03/03","0","0","0","0","0",""
"O’Higgins","2020/03/04","0","0","0","0","0",""
"O’Higgins","2020/03/05","0","0","0","0","0",""
"O’Higgins","2020/03/06","0","0","0","0","0",""
"O’Higgins","2020/03/07","0","0","0","0","0",""
"O’Higgins","2020/03/08","0","0","0","0","0",""
"O’Higgins","2020/03/09","0","0","0","0","0",""
"O’Higgins","2020/03/10","0","0","0","0","0",""
"O’Higgins","2020/03/11","0","0","0","0","0",""
"O’Higgins","2020/03/12","0","0","0","0","0",""
"O’Higgins","2020/03/13","0","0","0","0","0",""
"O’Higgins","2020/03/14","0","0","0","0","0",""
"O’Higgins","2020/03/15","0","0","0","0","0",""
"O’Higgins","2020/03/16","0","0","0","0","0",""
"O’Higgins","2020/03/17","0","0","0","0","0",""
"O’Higgins","2020/03/18","0","0","0","0","0",""
"O’Higgins","2020/03/19","2","2","0.20180351804073002","0","0",""
"O’Higgins","2020/03/20","6","4","0.60541055412219","0","0",""
"O’Higgins","2020/03/21","7","1","0.706312313142555","0","0",""
"O’Higgins","2020/03/22","8","1","0.8072140721629201","0","0",""
"O’Higgins","2020/03/23","8","0","0.8072140721629201","0","0","202"
"O’Higgins","2020/03/24","9","1","0.9081158311832851","0","0","256"
"O’Higgins","2020/03/25","11","2","1.1099193492240151","0","0","339"
"O’Higgins","2020/03/26","14","3","1.41262462628511","0","0","392"
"O’Higgins","2020/03/27","16","2","1.6144281443258401","0","0","443"
"O’Higgins","2020/03/28","20","4","2.0180351804073","0","0","469"
"O’Higgins","2020/03/29","21","1","2.118936939427665","0","0","496"
"O’Higgins","2020/03/30","21","0","2.118936939427665","0","0","545"
"O’Higgins","2020/03/31","23","2","2.320740457468395","0","0","619"
"O’Higgins","2020/04/01","26","3","2.6234457345294904","0","0",""
"O’Higgins","2020/04/02","32","6","3.2288562886516803","0","0",""
"O’Higgins","2020/04/03","33","1","3.3297580476720454","0","0",""
"O’Higgins","2020/04/04","38","5","3.83426684277387","0","0",""
"O’Higgins","2020/04/05","41","3","4.136972119834965","0","0",""
"O’Higgins","2020/04/06","42","1","4.23787387885533","0","0",""
"O’Higgins","2020/04/07","42","0","4.23787387885533","0","0",""
"O’Higgins","2020/04/08","43","1","4.338775637875695","0","0",""
"O’Higgins","2020/04/09","44","1","4.439677396896061","0","0",""
"O’Higgins","2020/04/10","44","0","4.439677396896061","0","0",""
"O’Higgins","2020/04/11","45","1","4.540579155916426","0","0",""
"O’Higgins","2020/04/12","46","1","4.64148091493679","0","0",""
"O’Higgins","2020/04/13","48","2","4.84328443297752","0","0",""
"O’Higgins","2020/04/14","53","5","5.347793228079345","0","0",""
"O’Higgins","2020/04/15","54","1","5.44869498709971","0","0",""
"O’Higgins","2020/04/16","54","0","5.44869498709971","0","0",""
"O’Higgins","2020/04/17","55","1","5.549596746120075","0","0",""
"O’Higgins","2020/04/18","55","0","5.549596746120075","0","0",""
"O’Higgins","2020/04/19","55","0","5.549596746120075","0","0",""
"O’Higgins","2020/04/20","56","1","5.65049850514044","0","0",""
"O’Higgins","2020/04/21","57","1","5.7514002641608055","1","1",""
"O’Higgins","2020/04/22","59","2","5.953203782201535","0","1",""
"O’Higgins","2020/04/23","76","17","7.66853368554774","0","1",""
"O’Higgins","2020/04/24","81","5","8.173042480649565","0","1",""
"O’Higgins","2020/04/25","85","4","8.576649516731026","0","1",""
"O’Higgins","2020/04/26","92","7","9.28296182987358","0","1",""
"O’Higgins","2020/04/27","94","2","9.48476534791431","0","1",""
"O’Higgins","2020/04/28","97","3","9.787470624975406","0","1",""
"O’Higgins","2020/04/29","104","7","10.493782938117961","0","1",""
"O’Higgins","2020/04/30","108","4","10.89738997419942","0","1",""
"O’Higgins","2020/05/01","109","1","10.998291733219785","0","1",""
"O’Higgins","2020/05/02","120","11","12.1082110824438","2","3",""
"O’Higgins","2020/05/03","125","5","12.612719877545624","0","3",""
"O’Higgins","2020/05/04","131","6","13.218130431667815","0","3",""
"O’Higgins","2020/05/05","136","5","13.72263922676964","0","3",""
"O’Higgins","2020/05/06","145","9","14.630755057952925","0","3",""
"O’Higgins","2020/05/07","151","6","15.236165612075116","0","3",""
"O’Higgins","2020/05/08","167","16","16.850593756400954","0","3",""
"O’Higgins","2020/05/09","182","15","18.36412014170643","0","3",""
"O’Higgins","2020/05/10","195","13","19.675843008971174","0","3",""
"O’Higgins","2020/05/11","216","21","21.79477994839884","1","4",""
"O’Higgins","2020/05/12","224","8","22.60199402056176","0","4",""
"O’Higgins","2020/05/13","248","24","25.02363623705052","0","4",""
"O’Higgins","2020/05/14","295","47","29.766018911007677","0","4",""
"O’Higgins","2020/05/15","323","28","32.591268163577894","1","5",""
"O’Higgins","2020/05/16","329","6","33.19667871770009","0","5",""
"O’Higgins","2020/05/17","366","37","36.93004380145359","0","5",""
"O’Higgins","2020/05/18","418","52","42.17693527051257","1","6",""
"O’Higgins","2020/05/19","442","24","44.59857748700133","1","7",""
"O’Higgins","2020/05/20","455","13","45.91030035426608","0","7",""
"O’Higgins","2020/05/21","465","10","46.919317944469725","0","7",""
"O’Higgins","2020/05/22","492","27","49.64366543801958","1","8",""
"O’Higgins","2020/05/23","518","26","52.267111172549065","3","11",""
"O’Higgins","2020/05/24","554","36","55.89957449728221","0","11",""
"O’Higgins","2020/05/25","588","34","59.33023430397462","2","13",""
"O’Higgins","2020/05/26","654","66","65.98975039931871","0","13",""
"O’Higgins","2020/05/27","691","37","69.7231154830722","1","14",""
"O’Higgins","2020/05/28","705","14","71.13574010935733","0","14",""
"O’Higgins","2020/05/29","745","40","75.17181047017192","0","14",""
"O’Higgins","2020/05/30","756","11","76.28172981939593","2","16",""
"O’Higgins","2020/05/31","785","29","79.20788083098653","2","18",""
"O’Higgins","2020/06/01","813","28","82.03313008355676","0","18",""
"O’Higgins","2020/06/02","843","30","85.06018285416769","0","18",""
"O’Higgins","2020/06/03","931","88","93.93953764795981","2","20",""
"O’Higgins","2020/06/04","967","36","97.57200097269296","1","21",""
"O’Higgins","2020/06/05","1016","49","102.51618716469085","1","22",""
"O’Higgins","2020/06/06","1111","95","112.10185427162551","3","25",""
"Tarapacá","2020/03/03","0","0","0","0","0",""
"Tarapacá","2020/03/04","0","0","0","0","0",""
"Tarapacá","2020/03/05","0","0","0","0","0",""
"Tarapacá","2020/03/06","0","0","0","0","0",""
"Tarapacá","2020/03/07","0","0","0","0","0",""
"Tarapacá","2020/03/08","0","0","0","0","0",""
"Tarapacá","2020/03/09","0","0","0","0","0",""
"Tarapacá","2020/03/10","0","0","0","0","0",""
"Tarapacá","2020/03/11","0","0","0","0","0",""
"Tarapacá","2020/03/12","0","0","0","0","0",""
"Tarapacá","2020/03/13","0","0","0","0","0",""
"Tarapacá","2020/03/14","0","0","0","0","0",""
"Tarapacá","2020/03/15","0","0","0","0","0",""
"Tarapacá","2020/03/16","0","0","0","0","0",""
"Tarapacá","2020/03/17","0","0","0","0","0",""
"Tarapacá","2020/03/18","0","0","0","0","0",""
"Tarapacá","2020/03/19","0","0","0","0","0",""
"Tarapacá","2020/03/20","0","0","0","0","0",""
"Tarapacá","2020/03/21","0","0","0","0","0",""
"Tarapacá","2020/03/22","0","0","0","0","0",""
"Tarapacá","2020/03/23","1","1","0.261251446679886","0","0","176"
"Tarapacá","2020/03/24","4","3","1.045005786719544","0","0","201"
"Tarapacá","2020/03/25","4","0","1.045005786719544","0","0","230"
"Tarapacá","2020/03/26","5","1","1.30625723339943","0","0","258"
"Tarapacá","2020/03/27","5","0","1.30625723339943","0","0","276"
"Tarapacá","2020/03/28","5","0","1.30625723339943","0","0","299"
"Tarapacá","2020/03/29","6","1","1.5675086800793159","0","0","331"
"Tarapacá","2020/03/30","8","2","2.090011573439088","0","0","313"
"Tarapacá","2020/03/31","10","2","2.61251446679886","0","0","325"
"Tarapacá","2020/04/01","10","0","2.61251446679886","0","0",""
"Tarapacá","2020/04/02","12","2","3.1350173601586317","0","0",""
"Tarapacá","2020/04/03","13","1","3.396268806838518","0","0",""
"Tarapacá","2020/04/04","17","4","4.441274593558062","0","0",""
"Tarapacá","2020/04/05","20","3","5.22502893359772","0","0",""
"Tarapacá","2020/04/06","21","1","5.486280380277606","0","0",""
"Tarapacá","2020/04/07","23","2","6.008783273637378","0","0",""
"Tarapacá","2020/04/08","26","3","6.792537613677036","0","0",""
"Tarapacá","2020/04/09","29","3","7.5762919537166935","0","0",""
"Tarapacá","2020/04/10","35","6","9.14380063379601","0","0",""
"Tarapacá","2020/04/11","38","3","9.927554973835667","0","0",""
"Tarapacá","2020/04/12","46","8","12.017566547274756","0","0",""
"Tarapacá","2020/04/13","52","6","13.585075227354071","0","0",""
"Tarapacá","2020/04/14","62","10","16.19758969415293","0","0",""
"Tarapacá","2020/04/15","62","0","16.19758969415293","0","0",""
"Tarapacá","2020/04/16","66","4","17.242595480872478","0","0",""
"Tarapacá","2020/04/17","73","7","19.071355607631677","0","0",""
"Tarapacá","2020/04/18","81","8","21.161367181070766","0","0",""
"Tarapacá","2020/04/19","90","9","23.51263020118974","0","0",""
"Tarapacá","2020/04/20","93","3","24.296384541229397","0","0",""
"Tarapacá","2020/04/21","104","11","27.170150454708143","0","0",""
"Tarapacá","2020/04/22","114","10","29.782664921507006","0","0",""
"Tarapacá","2020/04/23","128","14","33.440185175025405","0","0",""
"Tarapacá","2020/04/24","134","6","35.00769385510472","0","0",""
"Tarapacá","2020/04/25","143","9","37.3589568752237","1","1",""
"Tarapacá","2020/04/26","156","13","40.75522568206222","0","1",""
"Tarapacá","2020/04/27","164","8","42.8452372555013","0","1",""
"Tarapacá","2020/04/28","169","5","44.15149448890073","0","1",""
"Tarapacá","2020/04/29","183","14","47.80901474241914","0","1",""
"Tarapacá","2020/04/30","198","15","51.72778644261742","0","1",""
"Tarapacá","2020/05/01","200","2","52.2502893359772","0","1",""
"Tarapacá","2020/05/02","212","12","55.385306696135835","0","1",""
"Tarapacá","2020/05/03","272","60","71.060393496929","0","1",""
"Tarapacá","2020/05/04","295","23","77.06917677056637","0","1",""
"Tarapacá","2020/05/05","322","27","84.12296583092328","0","1",""
"Tarapacá","2020/05/06","339","17","88.56424042448134","0","1",""
"Tarapacá","2020/05/07","417","78","108.94185326551246","0","1",""
"Tarapacá","2020/05/08","459","42","119.91441402606766","0","1",""
"Tarapacá","2020/05/09","485","26","126.7069516397447","0","1",""
"Tarapacá","2020/05/10","520","35","135.8507522735407","0","1",""
"Tarapacá","2020/05/11","547","27","142.90454133389764","0","1",""
"Tarapacá","2020/05/12","578","31","151.00333618097412","0","1",""
"Tarapacá","2020/05/13","615","37","160.66963970812986","0","1",""
"Tarapacá","2020/05/14","682","67","178.17348663568225","0","1",""
"Tarapacá","2020/05/15","779","97","203.51487696363117","1","2",""
"Tarapacá","2020/05/16","845","66","220.75747244450363","0","2",""
"Tarapacá","2020/05/17","975","130","254.7201605128888","2","4",""
"Tarapacá","2020/05/18","1056","81","275.88152769395964","0","4",""
"Tarapacá","2020/05/19","1109","53","289.7278543679936","0","4",""
"Tarapacá","2020/05/20","1139","30","297.56539776839014","0","4",""
"Tarapacá","2020/05/21","1246","107","325.51930256313796","0","4",""
"Tarapacá","2020/05/22","1393","147","363.9232652250812","1","5",""
"Tarapacá","2020/05/23","1471","78","384.30087806611226","0","5",""
"Tarapacá","2020/05/24","1564","93","408.59726260734175","2","7",""
"Tarapacá","2020/05/25","1630","66","425.8398580882142","0","7",""
"Tarapacá","2020/05/26","1737","107","453.793762882962","1","8",""
"Tarapacá","2020/05/27","1811","74","473.1263699372735","3","11",""
"Tarapacá","2020/05/28","1957","146","511.2690811525369","1","12",""
"Tarapacá","2020/05/29","2093","136","546.7992779010015","2","14",""
"Tarapacá","2020/05/30","2250","157","587.8157550297434","4","18",""
"Tarapacá","2020/05/31","2361","111","616.8146656112109","3","21",""
"Tarapacá","2020/06/01","2526","165","659.9211543133921","1","22",""
"Tarapacá","2020/06/02","2594","68","677.6862526876243","1","23",""
"Tarapacá","2020/06/03","2682","88","700.6763799954542","5","28",""
"Tarapacá","2020/06/04","2810","128","734.1165651704796","0","28",""
"Tarapacá","2020/06/05","2965","155","774.6105394058619","0","28",""
"Tarapacá","2020/06/06","3094","129","808.3119760275672","2","30",""
"Valparaíso","2020/03/03","0","0","0","0","0",""
"Valparaíso","2020/03/04","0","0","0","0","0",""
"Valparaíso","2020/03/05","0","0","0","0","0",""
"Valparaíso","2020/03/06","0","0","0","0","0",""
"Valparaíso","2020/03/07","0","0","0","0","0",""
"Valparaíso","2020/03/08","0","0","0","0","0",""
"Valparaíso","2020/03/09","0","0","0","0","0",""
"Valparaíso","2020/03/10","0","0","0","0","0",""
"Valparaíso","2020/03/11","0","0","0","0","0",""
"Valparaíso","2020/03/12","0","0","0","0","0",""
"Valparaíso","2020/03/13","0","0","0","0","0",""
"Valparaíso","2020/03/14","0","0","0","0","0",""
"Valparaíso","2020/03/15","0","0","0","0","0",""
"Valparaíso","2020/03/16","1","1","0.05101598330757026","0","0",""
"Valparaíso","2020/03/17","1","0","0.05101598330757026","0","0",""
"Valparaíso","2020/03/18","1","0","0.05101598330757026","0","0",""
"Valparaíso","2020/03/19","4","3","0.20406393323028105","0","0",""
"Valparaíso","2020/03/20","5","1","0.25507991653785134","0","0",""
"Valparaíso","2020/03/21","13","8","0.6632077829984134","0","0",""
"Valparaíso","2020/03/22","16","3","0.8162557329211242","0","0",""
"Valparaíso","2020/03/23","19","3","0.9693036828438351","0","0","757"
"Valparaíso","2020/03/24","25","6","1.2753995826892566","0","0","978"
"Valparaíso","2020/03/25","32","7","1.6325114658422484","0","0","1196"
"Valparaíso","2020/03/26","44","12","2.2447032655330914","0","0","1392"
"Valparaíso","2020/03/27","49","5","2.4997831820709426","0","0","1610"
"Valparaíso","2020/03/28","71","22","3.6221348148374886","0","0","1735"
"Valparaíso","2020/03/29","80","9","4.081278664605621","0","0","1844"
"Valparaíso","2020/03/30","108","28","5.509726197217589","0","0","2139"
"Valparaíso","2020/03/31","115","7","5.86683808037058","1","1","2340"
"Valparaíso","2020/04/01","136","21","6.938173729829556","0","1",""
"Valparaíso","2020/04/02","156","20","7.958493395980962","0","1",""
"Valparaíso","2020/04/03","176","20","8.978813062132366","0","1",""
"Valparaíso","2020/04/04","185","9","9.437956911900498","0","1",""
"Valparaíso","2020/04/05","191","6","9.74405281174592","0","1",""
"Valparaíso","2020/04/06","198","7","10.101164694898912","0","1",""
"Valparaíso","2020/04/07","214","16","10.917420427820035","0","1",""
"Valparaíso","2020/04/08","225","11","11.478596244203308","1","2",""
"Valparaíso","2020/04/09","230","5","11.73367616074116","0","2",""
"Valparaíso","2020/04/10","241","11","12.294851977124432","0","2",""
"Valparaíso","2020/04/11","248","7","12.651963860277425","0","2",""
"Valparaíso","2020/04/12","254","6","12.958059760122847","0","2",""
"Valparaíso","2020/04/13","273","19","13.927363442966682","0","2",""
"Valparaíso","2020/04/14","285","12","14.539555242657526","0","2",""
"Valparaíso","2020/04/15","299","14","15.253779008963509","0","2",""
"Valparaíso","2020/04/16","330","31","16.835274491498186","2","4",""
"Valparaíso","2020/04/17","345","15","17.60051424111174","0","4",""
"Valparaíso","2020/04/18","359","14","18.314738007417724","0","4",""
"Valparaíso","2020/04/19","381","22","19.43708964018427","1","5",""
"Valparaíso","2020/04/20","388","7","19.79420152333726","0","5",""
"Valparaíso","2020/04/21","403","15","20.559441272950814","1","6",""
"Valparaíso","2020/04/22","421","18","21.477728972487082","1","7",""
"Valparaíso","2020/04/23","429","8","21.885856838947642","0","7",""
"Valparaíso","2020/04/24","436","7","22.242968722100635","1","8",""
"Valparaíso","2020/04/25","454","18","23.1612564216369","1","9",""
"Valparaíso","2020/04/26","460","6","23.46735232148232","0","9",""
"Valparaíso","2020/04/27","485","25","24.74275190417158","0","9",""
"Valparaíso","2020/04/28","493","8","25.15087977063214","1","10",""
"Valparaíso","2020/04/29","526","33","26.834407219781955","2","12",""
"Valparaíso","2020/04/30","559","33","28.517934668931776","0","12",""
"Valparaíso","2020/05/01","568","9","28.97707851869991","0","12",""
"Valparaíso","2020/05/02","614","46","31.323813750848142","1","13",""
"Valparaíso","2020/05/03","638","24","32.54819735022983","0","13",""
"Valparaíso","2020/05/04","656","18","33.46648504976609","0","13",""
"Valparaíso","2020/05/05","687","31","35.04798053230077","2","15",""
"Valparaíso","2020/05/06","716","29","36.52744404822031","1","16",""
"Valparaíso","2020/05/07","781","65","39.843482963212374","1","17",""
"Valparaíso","2020/05/08","828","47","42.24123417866817","1","18",""
"Valparaíso","2020/05/09","878","50","44.792033344046686","1","19",""
"Valparaíso","2020/05/10","933","55","47.59791242596305","1","20",""
"Valparaíso","2020/05/11","970","37","49.48550380834316","1","21",""
"Valparaíso","2020/05/12","1029","59","52.4954468234898","2","23",""
"Valparaíso","2020/05/13","1123","94","57.290949254401404","1","24",""
"Valparaíso","2020/05/14","1213","90","61.88238775208273","1","25",""
"Valparaíso","2020/05/15","1312","99","66.93297009953218","2","27",""
"Valparaíso","2020/05/16","1365","53","69.6368172148334","1","28",""
"Valparaíso","2020/05/17","1474","109","75.19755939535857","1","29",""
"Valparaíso","2020/05/18","1553","79","79.22782207665662","1","30",""
"Valparaíso","2020/05/19","1639","86","83.61519664110766","2","32",""
"Valparaíso","2020/05/20","1770","131","90.29829045439936","3","35",""
"Valparaíso","2020/05/21","1887","117","96.26716050138509","3","38",""
"Valparaíso","2020/05/22","2020","133","103.05228628129193","2","40",""
"Valparaíso","2020/05/23","2116","96","107.94982067881868","4","44",""
"Valparaíso","2020/05/24","2230","114","113.76564277588167","4","48",""
"Valparaíso","2020/05/25","2305","75","117.59184152394944","5","53",""
"Valparaíso","2020/05/26","2455","150","125.244239020085","4","57",""
"Valparaíso","2020/05/27","2576","121","131.41717300030098","1","58",""
"Valparaíso","2020/05/28","2730","154","139.2736344296668","2","60",""
"Valparaíso","2020/05/29","2842","112","144.9874245601147","1","61",""
"Valparaíso","2020/05/30","3037","195","154.93554130509088","2","63",""
"Valparaíso","2020/05/31","3167","130","161.56761913507503","3","66",""
"Valparaíso","2020/06/01","3348","181","170.80151211374522","4","70",""
"Valparaíso","2020/06/02","3595","247","183.4024599907151","2","72",""
"Valparaíso","2020/06/03","3769","174","192.2792410862323","5","77",""
"Valparaíso","2020/06/04","4017","248","204.93120494650975","1","78",""
"Valparaíso","2020/06/05","4266","249","217.63418479009474","10","88",""
"Valparaíso","2020/06/06","4580","314","233.6532035486718","3","91",""
"Ñuble","2020/03/03","0","0","0","0","0",""
"Ñuble","2020/03/04","0","0","0","0","0",""
"Ñuble","2020/03/05","0","0","0","0","0",""
"Ñuble","2020/03/06","0","0","0","0","0",""
"Ñuble","2020/03/07","0","0","0","0","0",""
"Ñuble","2020/03/08","0","0","0","0","0",""
"Ñuble","2020/03/09","0","0","0","0","0",""
"Ñuble","2020/03/10","0","0","0","0","0",""
"Ñuble","2020/03/11","0","0","0","0","0",""
"Ñuble","2020/03/12","1","1","0.19548393024351432","0","0",""
"Ñuble","2020/03/13","2","1","0.39096786048702864","0","0",""
"Ñuble","2020/03/14","4","2","0.7819357209740573","0","0",""
"Ñuble","2020/03/15","4","0","0.7819357209740573","0","0",""
"Ñuble","2020/03/16","12","8","2.345807162922172","0","0",""
"Ñuble","2020/03/17","26","14","5.082582186331373","0","0",""
"Ñuble","2020/03/18","26","0","5.082582186331373","0","0",""
"Ñuble","2020/03/19","28","2","5.473550046818402","0","0",""
"Ñuble","2020/03/20","44","16","8.601292930714632","0","0",""
"Ñuble","2020/03/21","58","14","11.338067954123831","0","0",""
"Ñuble","2020/03/22","64","6","12.510971535584916","0","0",""
"Ñuble","2020/03/23","81","17","15.83419834972466","0","0","691"
"Ñuble","2020/03/24","105","24","20.525812675569007","0","0","777"
"Ñuble","2020/03/25","111","6","21.698716257030092","0","0","888"
"Ñuble","2020/03/26","114","3","22.285168047760635","0","0","970"
"Ñuble","2020/03/27","144","30","28.14968595506606","0","0","1021"
"Ñuble","2020/03/28","172","28","33.623236001884464","0","0","1114"
"Ñuble","2020/03/29","197","25","38.510334257972325","0","0","1159"
"Ñuble","2020/03/30","229","32","44.76582002576478","0","0","1226"
"Ñuble","2020/03/31","245","16","47.89356290966101","0","0","1380"
"Ñuble","2020/04/01","259","14","50.63033793307021","0","0",""
"Ñuble","2020/04/02","341","82","66.6600202130384","0","0",""
"Ñuble","2020/04/03","370","29","72.32905419010031","1","1",""
"Ñuble","2020/04/04","401","31","78.38905602764925","1","2",""
"Ñuble","2020/04/05","425","24","83.08067035349359","1","3",""
"Ñuble","2020/04/06","474","49","92.6593829354258","1","4",""
"Ñuble","2020/04/07","522","48","102.04261158711448","1","5",""
"Ñuble","2020/04/08","561","39","109.66648486661155","0","5",""
"Ñuble","2020/04/09","571","10","111.62132416904669","1","6",""
"Ñuble","2020/04/10","589","18","115.14003491342994","0","6",""
"Ñuble","2020/04/11","606","17","118.46326172756969","0","6",""
"Ñuble","2020/04/12","613","7","119.8316492392743","1","7",""
"Ñuble","2020/04/13","618","5","120.80906889049186","0","7",""
"Ñuble","2020/04/14","622","4","121.59100461146592","1","8",""
"Ñuble","2020/04/15","634","12","123.93681177438809","0","8",""
"Ñuble","2020/04/16","639","5","124.91423142560566","2","10",""
"Ñuble","2020/04/17","656","17","128.2374582397454","1","11",""
"Ñuble","2020/04/18","667","11","130.38778147242405","1","12",""
"Ñuble","2020/04/19","678","11","132.5381047051027","1","13",""
"Ñuble","2020/04/20","687","9","134.29746007729435","0","13",""
"Ñuble","2020/04/21","694","7","135.66584758899896","0","13",""
"Ñuble","2020/04/22","703","9","137.42520296119056","0","13",""
"Ñuble","2020/04/23","708","5","138.40262261240815","0","13",""
"Ñuble","2020/04/24","715","7","139.77101012411273","1","14",""
"Ñuble","2020/04/25","725","10","141.72584942654788","0","14",""
"Ñuble","2020/04/26","731","6","142.89875300800898","0","14",""
"Ñuble","2020/04/27","741","10","144.8535923104441","0","14",""
"Ñuble","2020/04/28","747","6","146.0264958919052","0","14",""
"Ñuble","2020/04/29","761","14","148.7632709153144","0","14",""
"Ñuble","2020/04/30","768","7","150.131658427019","0","14",""
"Ñuble","2020/05/01","768","0","150.131658427019","0","14",""
"Ñuble","2020/05/02","776","8","151.69552986896713","2","16",""
"Ñuble","2020/05/03","786","10","153.65036917140228","0","16",""
"Ñuble","2020/05/04","787","1","153.8458531016458","1","17",""
"Ñuble","2020/05/05","789","2","154.2368209621328","0","17",""
"Ñuble","2020/05/06","791","2","154.62778882261983","0","17",""
"Ñuble","2020/05/07","793","2","155.01875668310686","0","17",""
"Ñuble","2020/05/08","794","1","155.2142406133504","1","18",""
"Ñuble","2020/05/09","801","7","156.58262812505498","0","18",""
"Ñuble","2020/05/10","812","11","158.73295135773364","0","18",""
"Ñuble","2020/05/11","814","2","159.12391921822066","0","18",""
"Ñuble","2020/05/12","826","12","161.46972638114283","1","19",""
"Ñuble","2020/05/13","839","13","164.01101747430852","0","19",""
"Ñuble","2020/05/14","849","10","165.96585677674366","1","20",""
"Ñuble","2020/05/15","885","36","173.00327826551018","0","20",""
"Ñuble","2020/05/16","921","36","180.0406997542767","0","20",""
"Ñuble","2020/05/17","942","21","184.14586228939052","0","20",""
"Ñuble","2020/05/18","985","43","192.55167128986162","1","21",""
"Ñuble","2020/05/19","988","3","193.13812308059215","0","21",""
"Ñuble","2020/05/20","1011","23","197.63425347619298","0","21",""
"Ñuble","2020/05/21","1020","9","199.39360884838462","0","21",""
"Ñuble","2020/05/22","1025","5","200.37102849960218","0","21",""
"Ñuble","2020/05/23","1077","52","210.5361928722649","0","21",""
"Ñuble","2020/05/24","1102","25","215.42329112835282","0","21",""
"Ñuble","2020/05/25","1139","37","222.65619654736284","1","22",""
"Ñuble","2020/05/26","1147","8","224.22006798931093","0","22",""
"Ñuble","2020/05/27","1174","27","229.49813410588584","0","22",""
"Ñuble","2020/05/28","1205","31","235.55813594343476","0","22",""
"Ñuble","2020/05/29","1242","37","242.79104136244482","0","22",""
"Ñuble","2020/05/30","1256","14","245.527816385854","1","23",""
"Ñuble","2020/05/31","1257","1","245.7233003160975","0","23",""
"Ñuble","2020/06/01","1290","33","252.1742700141335","0","23",""
"Ñuble","2020/06/02","1290","0","252.1742700141335","0","23",""
"Ñuble","2020/06/03","1329","39","259.7981432936305","1","24",""
"Ñuble","2020/06/04","1372","43","268.20395229410167","0","24",""
"Ñuble","2020/06/05","1429","57","279.346536317982","0","24",""
"Ñuble","2020/06/06","1470","41","287.36137745796606","0","24",""